Category,Product Name,Brand,Variant/Size,Flavour,Price (Rs),MRP (Rs),Discount %,Description,Key Benefits,Rating,No. of Reviews,Diet Type,Image URL 1,Image URL 2,Image URL 3,Product URL
Whey Proteins,Optimum Nutrition (ON) Gold Standard Whey Protein Powder,Optimum Nutrition,152 g,,799,5429,85%,,,4.7,0,Vegetarian,https://cdn2.nutrabay.com/uploads/product/images/featured_image-NB-OPT-1002-PA-1772085018-400x400.webp,https://cdn2.nutrabay.com/images/Logo.png,,https://nutrabay.com/product/optimum-nutrition-on-100-whey-gold-standard-2
Whey Proteins,"Nakpro Nutrition Impact Whey Protein Isolate & Concentrate | 24g Protein | Trustified Certified | Added Digestive Enzymes, Vitamins & Minerals",Nakpro,24g,,1228,3429,64%,,,4.6,0,Vegetarian,https://cdn2.nutrabay.com/uploads/product/featured_image/product-3709-featured_image-Nakpro_Impact_Whey_Protein.jpg,https://cdn2.nutrabay.com/images/Logo.png,,https://nutrabay.com/product/nakpro-impact-whey-protein
Whey Proteins,Naturaltein Whey Protein,Naturaltein,1 kg,,2499,3429,27%,,,4.3,0,Vegetarian,https://cdn2.nutrabay.com/uploads/product/images/featured_image-NB-NTR-1022-PA-400x400.webp,https://cdn2.nutrabay.com/images/Logo.png,,https://nutrabay.com/product/naturaltein-whey-protein
Whey Proteins,MuscleTech NitroTech Whey Protein,MuscleTech,907 g,,3499,3429,21%,,,4.6,0,Vegetarian,https://cdn.nutrabay.com/wp-content/uploads/2022/01/NB-MUT-1015-32-01x-340x340.jpg,https://cdn2.nutrabay.com/images/Logo.png,,https://nutrabay.com/product/muscletech-nitrotech-performance-series
Whey Proteins,Isopure Low Carb Whey Protein Isolate Powder,Isopure,500 g,,2779,5429,49%,,,4.5,0,Vegetarian,https://cdn2.nutrabay.com/uploads/product/images/featured_image-NB-ISO-1002-PA-1768484418-400x400.webp,https://cdn2.nutrabay.com/images/Logo.png,,https://nutrabay.com/product/natures-best-isopure-low-carb
Whey Proteins,AS-IT-IS Atom Whey Protein with Enzymeblend,AS-IT-IS,1 kg,,2799,3429,18%,,,4.4,0,Vegetarian,https://cdn.nutrabay.com/wp-content/uploads/2021/12/NB-ASI-1021-01-01-340x340.jpg,https://cdn2.nutrabay.com/images/Logo.png,,https://nutrabay.com/product/as-it-is-atom-whey-protein-with-digestive-enzymes
Whey Proteins,Dymatize ISO 100 Hydrolyzed - Whey Protein Isolate,Dymatize,2.3 kg,,14999,3429,21%,,,4.5,0,Vegetarian,https://cdn2.nutrabay.com/uploads/product/featured_image/product-2750-featured_image-Dymatize_ISO_100_Hydrolyzed__100_Whey_Protein_Isolate.jpg,https://cdn2.nutrabay.com/images/Logo.png,,https://nutrabay.com/product/dymatize-iso-100-protein
Whey Proteins,Dymatize Elite Whey Protein,Dymatize,2.3 kg,,8999,3429,21%,,,4.7,0,Vegetarian,https://cdn.nutrabay.com/wp-content/uploads/2023/04/NB-DYM-1002-10-01-340x340.jpg,https://cdn2.nutrabay.com/images/Logo.png,,https://nutrabay.com/product/dymatize-elite-100-whey-protein
Whey Proteins,Nakpro Nutrition Perform Whey Protein Supplement Powder,Nakpro,1 kg,,1693,3429,51%,,,4.2,0,Vegetarian,https://cdn.nutrabay.com/wp-content/uploads/2021/08/NB-NAK-1005-01-01-340x340.jpg,https://cdn2.nutrabay.com/images/Logo.png,,https://nutrabay.com/product/nakpro-perform-whey-protein-supplement-powder
Whey Proteins,Ultimate Nutrition Prostar 100 Whey Protein,,2.39 kg,,7349,5429,17%,,,4.7,0,Vegetarian,https://cdn.nutrabay.com/wp-content/uploads/2017/11/NB-ULT-1000-02-01-340x340.jpg,https://cdn2.nutrabay.com/images/Logo.png,,https://nutrabay.com/product/ultimate-nutrition-prostar-100-whey-protein
Whey Proteins,Nakpro Nutrition Platinum Whey Protein Isolate Supplement Powder,Nakpro,1 kg,,2934,5429,46%,,,4.2,0,Vegetarian,https://cdn2.nutrabay.com/uploads/product/images/featured_image-NB-NAK-1000-PA-400x400.webp,https://cdn2.nutrabay.com/images/Logo.png,,https://nutrabay.com/product/nakpro-platinum-100-whey-protein-isolate-supplement-powder
Whey Proteins,Naturaltein Whey Protein Concentrate,Naturaltein,300 g,,1349,3429,61%,,,4.2,0,Vegetarian,https://cdn.nutrabay.com/wp-content/uploads/2023/11/NB-NTR-1001-01-01-340x340.jpg,https://cdn2.nutrabay.com/images/Logo.png,,https://nutrabay.com/product/naturaltein-whey-protein-concentrate
Whey Proteins,Avvatar Whey Protein,,1 kg,,3329,3429,3%,,,4.5,0,Vegetarian,https://cdn.nutrabay.com/wp-content/uploads/2022/01/NB-AVT-1001-15-01-340x340.jpg,https://cdn2.nutrabay.com/images/Logo.png,,https://nutrabay.com/product/avvatar-absolute-100-whey-protein
Whey Proteins,One Science Nutrition Premium Whey Protein [Grass Fed Whey],,150G,,699,3429,80%,,,4.4,0,Vegetarian,https://cdn2.nutrabay.com/uploads/product/images/featured_image-NB-OSC-1004-PA-1767783314-400x400.webp,https://cdn2.nutrabay.com/images/Logo.png,,https://nutrabay.com/product/one-science-nutrition-whey-protein
Whey Proteins,Nakpro Nutrition Gold Whey Protein Concentrate Supplement Powder,Nakpro,1 kg,,2171,3429,37%,,,4.6,0,Vegetarian,https://cdn.nutrabay.com/wp-content/uploads/2021/08/NB-NAK-1006-02-01-340x340.jpg,https://cdn2.nutrabay.com/images/Logo.png,,https://nutrabay.com/product/nakpro-gold-100-whey-protein-concentrate-supplement-powder
Whey Proteins,Naturaltein Whey Protein Isolate,Naturaltein,300 g,,1749,5429,68%,,,4.6,0,Vegetarian,https://cdn.nutrabay.com/wp-content/uploads/2023/11/NB-NTR-1000-01-01-340x340.jpg,https://cdn2.nutrabay.com/images/Logo.png,,https://nutrabay.com/product/naturaltein-whey-protein-isolate
Whey Proteins,Healthfarm Muscle Whey Protein,,1 kg,,2249,5429,59%,,,4.5,0,Vegetarian,https://cdn2.nutrabay.com/uploads/product/featured_image/product-3984-featured_image-Healthfarm_Muscle_Whey_Protein.jpg,https://cdn2.nutrabay.com/images/Logo.png,,https://nutrabay.com/product/healthfarm-muscle-whey-protein
Whey Proteins,MuscleTech NitroTech Whey Gold,MuscleTech,449 g,,1749,5429,68%,,,4.1,0,Vegetarian,https://cdn2.nutrabay.com/uploads/product/featured_image/product-2806-featured_image-MuscleTech_NitroTech_100_Whey_Gold Performance Series.jpg,https://cdn2.nutrabay.com/images/Logo.png,,https://nutrabay.com/product/muscletech-nitrotech-wheygold-performance-series
Whey Proteins,Optimum Nutrition (ON) Performance Whey Protein Powder,Optimum Nutrition,500 g,,1519,3429,56%,,,4.7,0,Vegetarian,https://cdn.nutrabay.com/wp-content/uploads/2023/06/NB-OPT-1034-01-01-340x340.jpg,https://cdn2.nutrabay.com/images/Logo.png,,https://nutrabay.com/product/optimum-nutrition-on-performance-whey-protein-powder
Whey Proteins,Pole Nutrition Whey Protein,Pole Nutrition,2.27 kg,,6299,3429,21%,,,4.7,0,Vegetarian,https://cdn.nutrabay.com/wp-content/uploads/2022/01/NB-POL-1024-02-01-340x340.jpg,https://cdn2.nutrabay.com/images/Logo.png,,https://nutrabay.com/product/pole-nutrition-100-whey-protein
Whey Proteins,Kevin Levrone Levro Whey Supreme,,2 kg,,5659,3429,21%,,,4.5,0,Vegetarian,https://cdn2.nutrabay.com/uploads/product/featured_image/product-1088-featured_image-Kevin_Levrone_Levro_Whey_Supreme__100_Whey_Protein.jpg,https://cdn2.nutrabay.com/images/Logo.png,,https://nutrabay.com/product/kevin-levrone-levro-whey-supreme-100-whey-protein
Whey Proteins,GNC Pro Performance Whey Protein Powder,GNC,907 g,,2799,3429,18%,,,4.5,0,Vegetarian,https://cdn.nutrabay.com/wp-content/uploads/2022/11/NB-GNC-1001-20-1-340x340.jpg,https://cdn2.nutrabay.com/images/Logo.png,,https://nutrabay.com/product/gnc-pp-100-whey-protein-powder
Whey Proteins,Isopure Zero Carb Protein,Isopure,1 kg,,5899,5429,17%,,,4.5,0,Vegetarian,https://cdn2.nutrabay.com/uploads/product/featured_image/product-2819-featured_image-Isopure_Zero_Carb_100_Whey_Protein_Isolate_Powder.jpg,https://cdn2.nutrabay.com/images/Logo.png,,https://nutrabay.com/product/natures-best-isopure-zero-carb
Whey Proteins,MuscleTech NitroTech Ripped,MuscleTech,907 g,,3899,3429,21%,,,4.6,0,Vegetarian,https://cdn.nutrabay.com/wp-content/uploads/2022/03/NB-MUT-1017-05-01-340x340.jpg,https://cdn2.nutrabay.com/images/Logo.png,,https://nutrabay.com/product/muscletech-performance-series-nitrotech-ripped
Whey Proteins,Nakpro Nutrition Hydro Whey Protein Hydrolyzed Supplement Powder,Nakpro,1 kg,,2279,3429,34%,,,4.1,0,Vegetarian,https://cdn.nutrabay.com/wp-content/uploads/2021/08/NB-NAK-1003-01-01-340x340.jpg,https://cdn2.nutrabay.com/images/Logo.png,,https://nutrabay.com/product/nakpro-hydro-whey-protein-hydrolyzed-supplement-powder
Whey Proteins,Avvatar Isorich,,1 kg,,4399,5429,19%,,,4.6,0,Vegetarian,https://cdn.nutrabay.com/wp-content/uploads/2022/06/NB-AVT-1000-09-01-340x340.jpg,https://cdn2.nutrabay.com/images/Logo.png,,https://nutrabay.com/product/avvatar-absolute-isorich
Whey Proteins,Wheymill Whey Protein,,1 kg,,1799,3429,48%,,,4.5,0,Vegetarian,https://cdn2.nutrabay.com/uploads/product/featured_image/product-3665-featured_image-Wheymill_100_Whey_Protein.jpg,https://cdn2.nutrabay.com/images/Logo.png,,https://nutrabay.com/product/wheymill-100-whey-protein
Whey Proteins,Bigmuscles Nutrition Premium Gold Whey,Bigmuscles,1 kg,,1799,3429,48%,,,4.5,0,Vegetarian,https://cdn2.nutrabay.com/uploads/product/images/featured_image-NB-BGM-1036-PA-400x400.webp,https://cdn2.nutrabay.com/images/Logo.png,,https://nutrabay.com/product/big-muscles-nutrition-premium-gold-whey
Whey Proteins,"Labrada Turbo Whey Isolate, Concentrate, and Creatine",,1.8 kg,,4999,5429,8%,,,4.9,0,Vegetarian,https://cdn.nutrabay.com/wp-content/uploads/2021/12/NB-LAB-1017-01-01-340x340.jpg,https://cdn2.nutrabay.com/images/Logo.png,,https://nutrabay.com/product/labrada-turbo-whey
Whey Proteins,Labrada Whey Protein,,1.81 kg,,4799,3429,21%,,,4.6,0,Vegetarian,https://cdn2.nutrabay.com/uploads/product/images/featured_image-NB-LAB-1000-PA-400x400.webp,https://cdn2.nutrabay.com/images/Logo.png,,https://nutrabay.com/product/labrada-100-whey
Whey Proteins,Kevin Levrone Anabolic Iso Whey,,2 kg,,6699,5429,17%,,,4.8,0,Vegetarian,https://cdn2.nutrabay.com/uploads/product/featured_image/product-2002-featured_image-Kevin_Levrone_Anabolic_Iso_Whey.jpg,https://cdn2.nutrabay.com/images/Logo.png,,https://nutrabay.com/product/kevin-levrone-anabolic-iso-whey
Whey Proteins,AS-IT-IS Whey Protein Concentrate 80%,AS-IT-IS,1 kg,,2799,3429,18%,,,4.7,0,Vegetarian,https://cdn2.nutrabay.com/uploads/product/images/featured_image-NB-ASI-1006-PA-1756196722-400x400.webp,https://cdn2.nutrabay.com/images/Logo.png,,https://nutrabay.com/product/asitis-whey-protein-concentrate-80
Pea & Plant Protein,Nakpro Nutrition Platinum Soy Protein Isolate,Nakpro,1 kg,,854,1109,23%,,,4.0,0,Vegetarian,https://cdn2.nutrabay.com/uploads/product/images/featured_image-NB-NAK-1010-PA-1776748214-400x400.webp,https://cdn2.nutrabay.com/images/Logo.png,,https://nutrabay.com/product/nakpro-vegan-soy-protein-isolate-90-raw-pure-natural-vegetarian-plant-protein-supplement-powder
Pea & Plant Protein,Nakpro Nutrition Plant Protein Powder,Nakpro,1 kg,,1231,1899,35%,,,4.0,0,Vegetarian,https://cdn2.nutrabay.com/uploads/product/images/featured_image-NB-NAK-1026-PA-1778146225-400x400.webp,https://cdn2.nutrabay.com/images/Logo.png,,https://nutrabay.com/product/nakpro-vegan-plant-protein-powder
Pea & Plant Protein,Nakpro Nutrition Pea Protein Isolate,Nakpro,1 kg,,1143,1669,32%,,,4.1,0,Vegetarian,https://cdn2.nutrabay.com/uploads/product/images/featured_image-NB-NAK-1025-PA-1778144719-400x400.webp,https://cdn2.nutrabay.com/images/Logo.png,,https://nutrabay.com/product/nakpro-100-pea-protein-isolate
Pea & Plant Protein,SuperYou Pro Fermented Yeast Protein Chocolate,,180 g,,449,2219,80%,,,5.0,0,Vegetarian,https://cdn2.nutrabay.com/products/NB-SYU-1006-01-01-1754386725.jpg,https://cdn2.nutrabay.com/images/Logo.png,,https://nutrabay.com/product/superyou-pro-fermented-yeast-protein-chocolate
Pea & Plant Protein,Naturaltein Plant Protein,Naturaltein,500 g,,1099,1899,42%,,,4.5,0,Vegetarian,https://cdn2.nutrabay.com/uploads/product/images/featured_image-NB-NTR-1002-PA-1757867714-400x400.webp,https://cdn2.nutrabay.com/images/Logo.png,,https://nutrabay.com/product/naturaltein-vegan-plant-protein
Pea & Plant Protein,SuperYou Pro Fermented Yeast Protein Cold Coffee,,180 g,,449,2219,80%,,,4.0,0,Vegetarian,https://cdn2.nutrabay.com/products/NB-SYU-1007-01-01-1754386776.jpg,https://cdn2.nutrabay.com/images/Logo.png,,https://nutrabay.com/product/superyou-pro-fermented-yeast-protein-cold-coffee
Pea & Plant Protein,SuperYou Pro Fermented Yeast Protein Unflavoured,,1 kg,,1999,2219,10%,,,4.5,0,Vegetarian,https://cdn2.nutrabay.com/products/NB-SYU-1009-01-01-1754386863.jpg,https://cdn2.nutrabay.com/images/Logo.png,,https://nutrabay.com/product/superyou-pro-fermented-yeast-protein-unflavoured
Pea & Plant Protein,SuperYou Pro Fermented Yeast Protein Assorted Pack,,180 g,,449,2219,80%,,,4.5,0,Vegetarian,https://cdn2.nutrabay.com/products/NB-SYU-1010-01-01-1754386885.jpg,https://cdn2.nutrabay.com/images/Logo.png,,https://nutrabay.com/product/superyou-pro-fermented-yeast-protein-assorted-pack
Pea & Plant Protein,SuperYou Pro Fermented Yeast Protein Vanilla,,500 g,,1249,2219,44%,,,4.5,0,Vegetarian,https://cdn2.nutrabay.com/uploads/product/images/featured_image-NB-SYU-1020-PA-1774527914-400x400.webp,https://cdn2.nutrabay.com/images/Logo.png,,https://nutrabay.com/product/superyou-pro-fermented-yeast-protein-vanilla
Pea & Plant Protein,Alpino Supernatural Peanut Protein,,108 g,,281,1899,85%,,,4.6,0,Vegetarian,https://cdn2.nutrabay.com/uploads/product/featured_image/product-4152-featured_image-Alpino_Supernatural_Peanut_Protein.jpg,https://cdn2.nutrabay.com/images/Logo.png,,https://nutrabay.com/product/alpino-supernatural-peanut-protein
Pea & Plant Protein,Bolt Biozyme Plant Protein Super-Charged With Phycocyanin,Bolt,907 g,,1471,1899,23%,,,4.6,0,Vegetarian,https://cdn2.nutrabay.com/uploads/product/featured_image/product-1060-featured_image-Bolt_Biozyme_Plant_Protein_SuperCharged_With_Phycocyanin.jpg,https://cdn2.nutrabay.com/images/Logo.png,,https://nutrabay.com/product/bolt-ayurvedic-plant-protein-super-charged-with-phycocyanin
Pea & Plant Protein,Velbiom Happy Cultures Tastiest Plant Protein,,36 g,,99,1899,95%,,,4.6,0,Vegetarian,https://cdn2.nutrabay.com/uploads/product/images/featured_image-NB-VEL-1015-PA-1757860517-400x400.webp,https://cdn2.nutrabay.com/images/Logo.png,,https://nutrabay.com/product/velbiom-happy-cultures-tastiest-plant-protein
Pea & Plant Protein,GNC AMP Plant Isolate Powder,GNC,907 g,,1599,1899,16%,,,4.1,0,Vegetarian,https://cdn.nutrabay.com/wp-content/uploads/2023/02/NB-GNC-1116-01-01-340x340.jpg,https://cdn2.nutrabay.com/images/Logo.png,,https://nutrabay.com/product/gnc-amp-plant-isolate-powder
Pea & Plant Protein,Ace Blend Plant Based Intense Protein,Ace Blend,1 kg,,1679,1899,12%,,,4.6,0,Vegetarian,https://cdn2.nutrabay.com/uploads/product/images/featured_image-NB-ACB-1002-PA-1763018114-400x400.webp,https://cdn2.nutrabay.com/images/Logo.png,,https://nutrabay.com/product/ace-blend-plant-based-intense-protein
Pea & Plant Protein,Ace Blend High Absorption Plant Protein Complex,Ace Blend,500 g,,1105,1899,42%,,,4.6,0,Vegetarian,https://cdn2.nutrabay.com/uploads/product/images/featured_image-NB-ACB-1003-PA-1763018116-400x400.webp,https://cdn2.nutrabay.com/images/Logo.png,,https://nutrabay.com/product/ace-blend-high-absorption-plant-protein-complex
Pea & Plant Protein,Gytree Total Strength Support Protein Powder,,250 g,,1099,1899,42%,,,4.6,0,Vegetarian,https://cdn2.nutrabay.com/uploads/product/images/featured_image-NB-GYT-1006-PA-1760018118-400x400.webp,https://cdn2.nutrabay.com/images/Logo.png,,https://nutrabay.com/product/gytree-total-strength-support-protein-powder
Pea & Plant Protein,Gytree Total Menopause Support Daily Nutrition Boost,,500 g,,1999,1899,10%,,,4.6,0,Vegetarian,https://cdn2.nutrabay.com/uploads/product/images/featured_image-NB-GYT-1003-PA-1760018117-400x400.webp,https://cdn2.nutrabay.com/images/Logo.png,,https://nutrabay.com/product/gytree-total-menopause-support-daily-nutrition-boost
Pea & Plant Protein,Vlado's Himalayan Organics Organic Protein Made with Pea,,500 g,,798,1669,52%,,,4.7,0,Vegetarian,https://cdn2.nutrabay.com/uploads/product/images/featured_image-NB-HLO-1174-PA-1754294713-400x400.webp,https://cdn2.nutrabay.com/images/Logo.png,,https://nutrabay.com/product/vlados-himalayan-organics-organic-protein-made-with-pea
Pea & Plant Protein,CaliBar Just Pea Protein Jaggery Cocoa,,700 g,,1560,1669,7%,,,4.7,0,Vegetarian,https://cdn2.nutrabay.com/uploads/product/featured_image/product-4146-featured_image-CaliBar_Just_Pea_Protein_Jaggery_Cocoa.jpg,https://cdn2.nutrabay.com/images/Logo.png,,https://nutrabay.com/product/calibar-just-pea-protein-jaggery-cocoa
Pea & Plant Protein,Ghost Vegan Protein,,1 kg,,6141,1899,10%,,,4.6,0,Vegetarian,https://cdn2.nutrabay.com/uploads/product/featured_image/product-4052-featured_image-Ghost_Vegan_Protein.jpg,https://cdn2.nutrabay.com/images/Logo.png,,https://nutrabay.com/product/ghost-vegan-protein
Pea & Plant Protein,Wellbeing Nutrition Superfood Plant Protein,,500 g,,1899,1899,10%,,,4.6,0,Vegetarian,https://cdn2.nutrabay.com/uploads/product/images/featured_image-NB-WEL-1026-PA-400x400.webp,https://cdn2.nutrabay.com/images/Logo.png,,https://nutrabay.com/product/wellbeing-nutrition-organic-vegan-plant-protein-isolate
Pea & Plant Protein,Fast&Up Plant Protein - Plant Based Vegan,Fast&Up,925 g,,2316,1899,10%,,,5.0,0,Vegetarian,https://cdn.nutrabay.com/wp-content/uploads/2023/08/NB-FUP-1013-01-01-340x340.jpg,https://cdn2.nutrabay.com/images/Logo.png,,https://nutrabay.com/product/fastup-plant-protein-plant-based-vegan
Pea & Plant Protein,Mille Yeast Protein,,500 g,,1598,2219,28%,,,4.5,0,Vegetarian,https://cdn2.nutrabay.com/uploads/product/images/featured_image-NB-MIL-1000-PA-1778733615-400x400.webp,https://cdn2.nutrabay.com/images/Logo.png,,https://nutrabay.com/product/mille-yeast-protein
Pea & Plant Protein,Ace Blend Plant Based Daily Protein,Ace Blend,1 kg,,1379,1899,27%,,,4.6,0,Vegetarian,https://cdn2.nutrabay.com/uploads/product/images/featured_image-NB-ACB-1001-PA-1763018112-400x400.webp,https://cdn2.nutrabay.com/images/Logo.png,,https://nutrabay.com/product/ace-blend-plant-based-daily-protein
Yeast Protein,Naturaltein Yeast Protein,Naturaltein,1 kg,,1799,2219,19%,,,4.5,0,Vegetarian,https://cdn2.nutrabay.com/uploads/product/images/featured_image-NB-NTR-1032-PA-1773924613-400x400.webp,https://cdn2.nutrabay.com/images/Logo.png,,https://nutrabay.com/product/naturaltein-yeast-protein
Creatine,Wellcore Micronised Creatine Monohydrate,Wellcore,250 g,,499,909,45%,,,4.6,0,Vegetarian,https://cdn2.nutrabay.com/uploads/product/featured_image/product-106-featured_image-Wellversed_Wellcore__Micronised_Creatine_Monohydrate.jpg,https://cdn2.nutrabay.com/images/Logo.png,,https://nutrabay.com/product/wellcore-wellversed-micronised-creatine-monohydrate
Creatine,MuscleBlaze Creatine Monohydrate Cre AMP,MuscleBlaze,100 g,,459,909,50%,,,4.5,0,Vegetarian,https://cdn2.nutrabay.com/uploads/product/featured_image/product-3743-featured_image-MuscleBlaze_Creatine_Monohydrate_Cre_AMP.jpg,https://cdn2.nutrabay.com/images/Logo.png,,https://nutrabay.com/product/muscleblaze-creatine-monohydrate-cre-amp
Creatine,Optimum Nutrition (ON) Micronized Creatine Monohydrate Powder,Optimum Nutrition,100 g,,465,909,49%,,,4.7,0,Vegetarian,https://cdn2.nutrabay.com/uploads/product/images/featured_image-NB-OPT-1012-PA-1772085018-400x400.webp,https://cdn2.nutrabay.com/images/Logo.png,,https://nutrabay.com/product/optimum-nutrition-on-micro-creatine-powder-2
Creatine,MuscleTech Platinum Creatine Monohydrate,MuscleTech,250 g,,749,909,18%,,,4.6,0,Vegetarian,https://cdn.nutrabay.com/wp-content/uploads/2023/03/NB-MUT-1020-01-01-340x340.jpg,https://cdn2.nutrabay.com/images/Logo.png,,https://nutrabay.com/product/muscletech-platinum-100-creatine
Creatine,Bigmuscles Nutrition Creatine,Bigmuscles,250 g,,209,909,77%,,,4.4,0,Vegetarian,https://cdn2.nutrabay.com/uploads/product/images/featured_image-NB-BGM-1015-PA-400x400.webp,https://cdn2.nutrabay.com/images/Logo.png,,https://nutrabay.com/product/big-muscles-creatine
Creatine,Naturaltein Creatine: Creapure,Naturaltein,150 g,,1099,909,39%,,,4.3,0,Vegetarian,https://cdn.nutrabay.com/wp-content/uploads/2022/10/NB-NTR-1004-01-01-340x340.jpg,https://cdn2.nutrabay.com/images/Logo.png,,https://nutrabay.com/product/naturaltein-creatine-creapure
Creatine,Nakpro Nutrition Micronized Creatine Monohydrate,Nakpro,250 g,,444,909,51%,,,4.7,0,Vegetarian,https://cdn.nutrabay.com/wp-content/uploads/2023/10/NB-NAK-1021-02-01-340x340.jpg,https://cdn2.nutrabay.com/images/Logo.png,,https://nutrabay.com/product/nakpro-micronized-creatine-monohydrate
Creatine,Isopure Creatine Monohydrate Micronized,Isopure,250 g,,899,909,1%,,,4.8,0,Vegetarian,https://cdn2.nutrabay.com/uploads/product/featured_image/product-4321-featured_image-Isopure_100_Creatine_Monohydrate_Micronized.jpg,https://cdn2.nutrabay.com/images/Logo.png,,https://nutrabay.com/product/isopure-100-creatine-monohydrate-micronized
Creatine,Naturaltein Crea Boost Creatine Monohydrate,Naturaltein,100 g,,509,909,44%,,,4.2,0,Vegetarian,https://cdn2.nutrabay.com/uploads/product/images/featured_image-NB-NTR-1011-PA-1754670313-400x400.webp,https://cdn2.nutrabay.com/images/Logo.png,,https://nutrabay.com/product/naturaltein-crea-boost-creatine-monohydrate
Creatine,GNC Pro Performance Creatine Monohydrate,GNC,100 g,,518,909,43%,,,4.5,0,Vegetarian,https://cdn2.nutrabay.com/uploads/product/featured_image/product-2595-featured_image-GNC_Creatine_Monohydrate.jpg,https://cdn2.nutrabay.com/images/Logo.png,,https://nutrabay.com/product/gnc-creatine-monohydrate-250g
Creatine,AS-IT-IS Atom Creatine Monohydrate,AS-IT-IS,100 g,,329,909,64%,,,4.7,0,Vegetarian,https://cdn.nutrabay.com/wp-content/uploads/2023/09/NB-ASI-1031-01-01-340x340.jpg,https://cdn2.nutrabay.com/images/Logo.png,,https://nutrabay.com/product/as-it-is-atom-creatine-monohydrate
Creatine,MyProtein Impact Creatine Monohydrate,Myprotein,100 g,,316,909,65%,,,4.7,0,Vegetarian,https://cdn2.nutrabay.com/uploads/product/images/featured_image-NB-MYP-1054-PA-1766061621-400x400.webp,https://cdn2.nutrabay.com/images/Logo.png,,https://nutrabay.com/product/myprotein-impact-creatine-monohydrate
Creatine,AS-IT-IS Creatine Monohydrate,AS-IT-IS,250 g,,525,909,42%,,,4.2,0,Vegetarian,https://cdn.nutrabay.com/wp-content/uploads/2018/09/NB-ASI-1002-01-01-340x340.jpg,https://cdn2.nutrabay.com/images/Logo.png,,https://nutrabay.com/product/asitis-creatine-monohydrate
Creatine,Labrada Crealean,,250 g,,699,909,23%,,,4.6,0,Vegetarian,https://cdn.nutrabay.com/wp-content/uploads/2023/05/NB-LAB-1006-01-01-340x340.jpg,https://cdn2.nutrabay.com/images/Logo.png,,https://nutrabay.com/product/labrada-crealean
Creatine,Kaged Muscle Creatine HCl,,56 g,,2999,909,39%,,,5.0,0,Vegetarian,https://cdn.nutrabay.com/wp-content/uploads/2023/08/NB-KAG-1010-01-01-340x340.jpg,https://cdn2.nutrabay.com/images/Logo.png,,https://nutrabay.com/product/kaged-muscle-creatine-hcl
Creatine,ProSupps Creatine HCL,ProSupps,90 g,,1379,909,39%,,,4.5,0,Vegetarian,https://cdn2.nutrabay.com/uploads/product/images/featured_image-NB-PSP-1015-PA-1775133313-400x400.webp,https://cdn2.nutrabay.com/images/Logo.png,,https://nutrabay.com/product/prosupps-creatine-hcl
Creatine,SuperYou Pro Micronized Creatine Monohydrate,,250 g,,449,909,51%,,,4.7,0,Vegetarian,https://cdn2.nutrabay.com/uploads/product/images/featured_image-NB-SYU-1019-PA-1772432711-400x400.webp,https://cdn2.nutrabay.com/images/Logo.png,,https://nutrabay.com/product/superyou-pro-micronized-creatine-monohydrate
Creatine,One Science Nutrition Micronized Creatine Powder,,250 g,,879,909,3%,,,4.1,0,Vegetarian,https://cdn.nutrabay.com/wp-content/uploads/2019/10/NB-OSC-1007-01-01-340x340.jpg,https://cdn2.nutrabay.com/images/Logo.png,,https://nutrabay.com/product/one-science-nutrition-100-micronized-creatine
Creatine,Gibbon Nutrition Creatine Powder,,250 g,,499,909,45%,,,4.4,0,Vegetarian,https://cdn2.nutrabay.com/uploads/product/images/featured_image-NB-GIB-1009-PA-1774096521-400x400.webp,https://cdn2.nutrabay.com/images/Logo.png,,https://nutrabay.com/product/gibbon-nutrition-creatine-powder
Creatine,Myfitness CREA-H2O,Myfitness,300 g,,799,909,12%,,,4.8,0,Vegetarian,https://cdn2.nutrabay.com/uploads/product/images/featured_image-NB-H2O-1001-PA-1766066425-400x400.webp,https://cdn2.nutrabay.com/images/Logo.png,,https://nutrabay.com/product/myfitness-crea-h2o
Creatine,ProSupps Creatine Monohydrate,ProSupps,100 g,,349,909,62%,,,4.4,0,Vegetarian,https://cdn.nutrabay.com/wp-content/uploads/2023/08/NB-PSP-1016-01-01-340x340.jpg,https://cdn2.nutrabay.com/images/Logo.png,,https://nutrabay.com/product/prosupps-creatine-monohydrate
Creatine,Allmax Creatine Monohydrate,AllMax,250 g,,749,909,18%,,,4.7,0,Vegetarian,https://cdn2.nutrabay.com/uploads/product/images/featured_image-NB-ALL-1007-PA-1773127825-400x400.webp,https://cdn2.nutrabay.com/images/Logo.png,,https://nutrabay.com/product/allmax-creatine-monohydrate
Creatine,GNC Pro Performance Creatine + Electrolytes,GNC,100 g,,599,909,34%,,,5.0,0,Vegetarian,https://cdn2.nutrabay.com/uploads/product/images/featured_image-NB-GNC-1123-PA-1760531714-400x400.webp,https://cdn2.nutrabay.com/images/Logo.png,,https://nutrabay.com/product/gnc-pro-performance-creatine-electrolytes
Creatine,TruNativ Creatine Monohydrate,,100 g,,299,909,67%,,,4.7,0,Vegetarian,https://cdn2.nutrabay.com/uploads/product/featured_image/product-4334-featured_image-TruNativ_Creatine_Monohydrate.jpg,https://cdn2.nutrabay.com/images/Logo.png,,https://nutrabay.com/product/trunativ-creatine-monohydrate
Creatine,SAN Performance Creatine Monohydrate,,300 g,,749,909,18%,,,5.0,0,Vegetarian,https://cdn.nutrabay.com/wp-content/uploads/2017/03/NUT1214-01-1-340x340.jpg,https://cdn2.nutrabay.com/images/Logo.png,,https://nutrabay.com/product/san-performance-creatine
Creatine,Con-cret Creatine HCL,,250 g,,1921,909,39%,,,4.7,0,Vegetarian,https://cdn2.nutrabay.com/uploads/product/images/featured_image-NB-CON-1000-PA-400x400.webp,https://cdn2.nutrabay.com/images/Logo.png,,https://nutrabay.com/product/con-cret-creatine-hcl
Creatine,Myfitness Micronized Creatine Monohydrate,Myfitness,120 g,,330,909,64%,,,4.3,0,Vegetarian,https://cdn2.nutrabay.com/uploads/product/images/featured_image-NB-H2O-1006-PA-1766424013-400x400.webp,https://cdn2.nutrabay.com/images/Logo.png,,https://nutrabay.com/product/myfitness-100-micronized-creatine-monohydrate
Creatine,Bolt Micronised Creatine Monohydrate 3000,Bolt,100 g,,359,909,61%,,,4.0,0,Vegetarian,https://cdn.nutrabay.com/wp-content/uploads/2023/12/NB-BOT-1014-01-01-340x340.jpg,https://cdn2.nutrabay.com/images/Logo.png,,https://nutrabay.com/product/bolt-micronised-creatine-monohydrate-3000
Creatine,Vlado's Himalayan Organics Creatine Monohydrate Micronised Creatine,,100 g,,529,909,42%,,,5.0,0,Vegetarian,https://cdn2.nutrabay.com/uploads/product/images/featured_image-NB-HLO-1152-PA-400x400.webp,https://cdn2.nutrabay.com/images/Logo.png,,https://nutrabay.com/product/vlados-himalayan-organics-creatine-monohydrate-micronised-creatine
Creatine,Healthfarm Creatine Monohydrate Powder,,100 g,,439,909,52%,,,5.0,0,Vegetarian,https://cdn2.nutrabay.com/uploads/product/featured_image/product-3987-featured_image-Healthfarm_Creatine_Monohydrate_Powder.jpg,https://cdn2.nutrabay.com/images/Logo.png,,https://nutrabay.com/product/healthfarm-creatine-monohydrate-powder
Creatine,Unmatched Cregaatine,,120 g,,3377,909,39%,,,5.0,0,Vegetarian,https://cdn2.nutrabay.com/uploads/product/featured_image/product-3894-featured_image-UNMATCHED_Cregaatine.jpg,https://cdn2.nutrabay.com/images/Logo.png,,https://nutrabay.com/product/unmatched-cregaatine
Creatine,Pure Nutrition NXTShift All-in-One Creatine Monohydrate,,100 g,,479,909,47%,,,4.7,0,Vegetarian,https://cdn2.nutrabay.com/uploads/product/images/featured_image-NB-PRN-1036-PA-1773750016-400x400.webp,https://cdn2.nutrabay.com/images/Logo.png,,https://nutrabay.com/product/pure-nutrition-sports-creatine-monohydrate
Creatine,BPI Sports Micronized Creatine,BPI Sports,250 g,,1209,909,39%,,,4.7,0,Vegetarian,https://cdn2.nutrabay.com/uploads/product/featured_image/product-599-featured_image-BPI_Micronized_Creatine.jpg,https://cdn2.nutrabay.com/images/Logo.png,,https://nutrabay.com/product/bpi-micronized-creatine
Pre Workout,ProSupps Hyde Xtreme Hard-Hitting Energy Pre Workout,ProSupps,360 g,,999,1249,20%,,,4.7,0,Vegetarian,https://cdn2.nutrabay.com/uploads/product/featured_image/product-3506-featured_image-ProSupps_Hyde_Xtreme_HardHitting_Energy_Pre_Workout.jpg,https://cdn2.nutrabay.com/images/Logo.png,,https://nutrabay.com/product/prosupps-hyde-xtreme-hard-hitting-energy-pre-workout
Pre Workout,Bigmuscles Nutrition Karnage Pre workout,Bigmuscles,360 g,,1169,1249,6%,,,4.2,0,Vegetarian,https://cdn2.nutrabay.com/uploads/product/images/featured_image-NB-BGM-1066-PA-400x400.webp,https://cdn2.nutrabay.com/images/Logo.png,,https://nutrabay.com/product/bigmuscles-nutrition-karnage-pre-workout
Pre Workout,MuscleBlaze Pre Workout 200 Xtreme,MuscleBlaze,100 g,,549,1249,56%,,,4.6,0,Vegetarian,https://cdn.nutrabay.com/wp-content/uploads/2023/05/NB-MBZ-1057-01-01-340x340.jpg,https://cdn2.nutrabay.com/images/Logo.png,,https://nutrabay.com/product/muscleblaze-pre-workout-200-xtreme
Pre Workout,Cellucor C4 Original Pre Workout,Cellucor,360 g,,1899,1249,20%,,,4.7,0,Vegetarian,https://cdn2.nutrabay.com/uploads/product/images/featured_image-NB-CEL-1011-PA-1770786011-400x400.webp,https://cdn2.nutrabay.com/images/Logo.png,,https://nutrabay.com/product/cellucor-c4-original-pre-workout
Pre Workout,Nakpro Nutrition L-Citrulline Powder,Nakpro,100 g,,265,389,32%,,,4.3,0,Vegetarian,https://cdn2.nutrabay.com/uploads/product/featured_image/product-4183-featured_image-Nakpro_LCitrulline_Powder.jpg,https://cdn2.nutrabay.com/images/Logo.png,,https://nutrabay.com/product/nakpro-l-citrulline-powder
Pre Workout,Gaspari Superpump Aggression Pre-Workout,,358 g,,1507,1249,20%,,,4.3,0,Vegetarian,https://cdn.nutrabay.com/wp-content/uploads/2021/12/NB-GAS-1010-01-01-340x340.jpg,https://cdn2.nutrabay.com/images/Logo.png,,https://nutrabay.com/product/gaspari-superpump-aggression-pre-workout
Pre Workout,Bigmuscles Nutrition Freak Pre-workout,Bigmuscles,360 g,,449,1249,64%,,,4.6,0,Vegetarian,https://cdn2.nutrabay.com/uploads/product/images/featured_image-NB-BGM-1027-PA-1764575421-400x400.webp,https://cdn2.nutrabay.com/images/Logo.png,,https://nutrabay.com/product/bigmuscles-nutrition-freak
Pre Workout,MuscleTech EAA + Energy,MuscleTech,250 g,,1499,939,39%,,,4.6,0,Vegetarian,https://cdn2.nutrabay.com/uploads/product/featured_image/product-3820-featured_image-MuscleTech_EAA__Energy.jpg,https://cdn2.nutrabay.com/images/Logo.png,,https://nutrabay.com/product/muscletech-eaa-energy
Pre Workout,Optimum Nutrition (ON) Gold Standard Pre-Workout,Optimum Nutrition,142 g,,589,1249,53%,,,4.7,0,Vegetarian,https://cdn2.nutrabay.com/uploads/product/images/featured_image-NB-OPT-1036-PA-1773049823-400x400.webp,https://cdn2.nutrabay.com/images/Logo.png,,https://nutrabay.com/product/optimum-nutrition-on-gold-standard-pre-workout
Pre Workout,BlackBeast The Big Daddy Inferno Pre-Workout,,360 g,,999,1249,20%,,,4.5,0,Vegetarian,https://cdn2.nutrabay.com/uploads/product/images/featured_image-NB-BKB-1000-PA-1764746715-400x400.webp,https://cdn2.nutrabay.com/images/Logo.png,,https://nutrabay.com/product/blackbeast-the-big-daddy-inferno-pre-workout
Pre Workout,Naturaltein L Citrulline DL Malate,Naturaltein,100 g,,439,389,23%,,,5.0,0,Vegetarian,https://cdn2.nutrabay.com/uploads/product/featured_image/product-4130-featured_image-Naturaltein_L_Citrulline_DL_Malate.jpg,https://cdn2.nutrabay.com/images/Logo.png,,https://nutrabay.com/product/naturaltein-l-citrulline-dl-malate
Pre Workout,Healthfarm ThPreX Pre-Workout Supplement,,250 g,,659,1249,47%,,,4.7,0,Vegetarian,https://cdn2.nutrabay.com/uploads/product/featured_image/product-3425-featured_image-Healthfarm_ThPreX_PreWorkout_Supplement.jpg,https://cdn2.nutrabay.com/images/Logo.png,,https://nutrabay.com/product/healthfarm-thprex-pre-workout-supplement
Pre Workout,MuscleBlaze Wrathx Pre-Workout,MuscleBlaze,340 g,,1299,1249,20%,,,4.2,0,Vegetarian,https://cdn2.nutrabay.com/uploads/product/featured_image/product-8-featured_image-MuscleBlaze_Wrathx_PreWorkout.jpg,https://cdn2.nutrabay.com/images/Logo.png,,https://nutrabay.com/product/muscleblaze-wrathx-pre-workout
Pre Workout,Naturaltein Pure 07 Preworkout,Naturaltein,300 g,,1399,1249,20%,,,4.1,0,Vegetarian,https://cdn2.nutrabay.com/uploads/product/featured_image/product-353-featured_image-Naturaltein_Pure_07_Preworkout.jpg,https://cdn2.nutrabay.com/images/Logo.png,,https://nutrabay.com/product/naturaltein-pure-07-preworkout
Pre Workout,Labrada Super Charge Pre-Workout,,313 g,,1599,1249,20%,,,4.8,0,Vegetarian,https://cdn2.nutrabay.com/uploads/product/featured_image/product-934-featured_image-Labrada_Super_Charge_PreWorkout.jpg,https://cdn2.nutrabay.com/images/Logo.png,,https://nutrabay.com/product/labrada-super-charge-pre-workout
Pre Workout,"Fast&Up Reload Instant Electrolytes + Vitamins, Hydration & Energy",Fast&Up,1 kg,,252,1669,85%,,,4.5,0,Vegetarian,https://cdn2.nutrabay.com/uploads/product/images/featured_image-NB-FUP-1009-PA-400x400.webp,https://cdn2.nutrabay.com/images/Logo.png,,https://nutrabay.com/product/fastup-reload-electrolytes-for-instant-energy-hydration-sports-drink-tube-of-20
Pre Workout,GNC Pro Performance Pre Workout,GNC,360 g,,1044,1249,16%,,,4.7,0,Vegetarian,https://cdn.nutrabay.com/wp-content/uploads/2022/11/NB-GNC-1112-01-01-340x340.jpg,https://cdn2.nutrabay.com/images/Logo.png,,https://nutrabay.com/product/gnc-pro-performance-pre-workout
Pre Workout,ProSupps Hyde Nightmare,ProSupps,360 g,,2479,1249,20%,,,4.7,0,Vegetarian,https://cdn2.nutrabay.com/uploads/product/images/featured_image-NB-PSP-1011-PA-1754288120-400x400.webp,https://cdn2.nutrabay.com/images/Logo.png,,https://nutrabay.com/product/prosupps-hyde-nightmare
Pre Workout,Kevin Levrone Shaaboom Pump,,385 g,,1899,1249,20%,,,4.2,0,Vegetarian,https://cdn2.nutrabay.com/uploads/product/images/featured_image-NB-KEV-1003-PA-1764752715-400x400.webp,https://cdn2.nutrabay.com/images/Logo.png,,https://nutrabay.com/product/kevin-levrone-shaaboom-pump
Pre Workout,MuscleTech Vapor X5 Next Gen,MuscleTech,270 g,,1449,1249,20%,,,4.4,0,Vegetarian,https://cdn2.nutrabay.com/uploads/product/featured_image/product-3284-featured_image-MuscleTech_Vapor_X5_Next_Gen.jpg,https://cdn2.nutrabay.com/images/Logo.png,,https://nutrabay.com/product/muscletech-vapor-x5
Pre Workout,ProSupps Hydro Eaa + Bcaa,ProSupps,450 g,,1799,939,39%,,,4.1,0,Vegetarian,https://cdn.nutrabay.com/wp-content/uploads/2023/08/NB-PSP-1021-01-01-340x340.jpg,https://cdn2.nutrabay.com/images/Logo.png,,https://nutrabay.com/product/prosupps-hydro-eaa-bcaa
Pre Workout,Bigflex Pre-Workout Nuke,,400 g,,1397,1249,20%,,,4.6,0,Vegetarian,https://cdn.nutrabay.com/wp-content/uploads/2023/12/NB-BIG-1003-01-01-340x340.jpg,https://cdn2.nutrabay.com/images/Logo.png,,https://nutrabay.com/product/bigflex-pre-workout-nuke
Pre Workout,Condemned Convict Pre Workout,,360 g,,2379,1249,20%,,,4.2,0,Vegetarian,https://cdn2.nutrabay.com/page_manager/NB-CDD-1000-01-01-2024-08-14T13:23:37.jpg,https://cdn2.nutrabay.com/images/Logo.png,,https://nutrabay.com/product/condemned-convict-pre-workout
Pre Workout,Pole Nutrition L-Arginine 1000mg,Pole Nutrition,120 g,,1149,329,9%,,,4.8,0,Vegetarian,https://cdn.nutrabay.com/wp-content/uploads/2022/01/NB-POL-1033-01-01-340x340.jpg,https://cdn2.nutrabay.com/images/Logo.png,,https://nutrabay.com/product/pole-nutrition-l-arginine-1000mg
Pre Workout,GAT Essentials Caffeine Metabolism and Performance,,360 g,,999,1249,20%,,,4.2,0,Vegetarian,https://cdn.nutrabay.com/wp-content/uploads/2019/11/NB-GAT-1018-01-01-340x340.jpg,https://cdn2.nutrabay.com/images/Logo.png,,https://nutrabay.com/product/gat-caffeine
Pre Workout,Dymatize Energyze Pre-Workout,Dymatize,360 g,,3999,1249,20%,,,5.0,0,Vegetarian,https://cdn2.nutrabay.com/uploads/product/images/featured_image-NB-DYM-1023-PA-1768829713-400x400.webp,https://cdn2.nutrabay.com/images/Logo.png,,https://nutrabay.com/product/dymatize-pre-workout-400g
Pre Workout,Gaspari Proven EAA,,300 g,,1346,939,39%,,,4.7,0,Vegetarian,https://cdn.nutrabay.com/wp-content/uploads/2023/10/NB-GAS-1012-04-01-340x340.jpg,https://cdn2.nutrabay.com/images/Logo.png,,https://nutrabay.com/product/gaspari-proven-eaa
Pre Workout,Bigmuscles Nutrition Karnage Black Pre workout,Bigmuscles,360 g,,1599,1249,20%,,,4.6,0,Vegetarian,https://cdn2.nutrabay.com/uploads/product/images/featured_image-NB-BGM-1067-PA-400x400.webp,https://cdn2.nutrabay.com/images/Logo.png,,https://nutrabay.com/product/bigmuscles-nutrition-karnage-black-pre-workout
Pre Workout,Ghost Legend Pre-Workout,,360 g,,5499,1249,20%,,,5.0,0,Vegetarian,https://cdn2.nutrabay.com/uploads/product/images/featured_image-NB-GHT-1003-PA-400x400.webp,https://cdn2.nutrabay.com/images/Logo.png,,https://nutrabay.com/product/ghost-legend-pre-workout
Mass & Weight Gainers,Optimum Nutrition (ON) Serious Mass Weight Gainer Powder (Vegetarian),Optimum Nutrition,1 kg,,1099,3709,70%,,,4.5,0,Vegetarian,https://cdn.nutrabay.com/wp-content/uploads/2022/01/NB-OPT-1020-13-01-340x340.jpg,https://cdn2.nutrabay.com/images/Logo.png,,https://nutrabay.com/product/optimum-nutrition-on-serious-mass-2
Mass & Weight Gainers,Labrada Muscle Mass Gainer,,1 kg,,1199,3709,68%,,,4.6,0,Vegetarian,https://cdn2.nutrabay.com/uploads/product/images/featured_image-NB-LAB-1001-PA-400x400.webp,https://cdn2.nutrabay.com/images/Logo.png,,https://nutrabay.com/product/labrada-mass-gainer
Mass & Weight Gainers,Kevin Levrone Anabolic Mass Gainer,,3 kg,,3399,3709,8%,,,4.5,0,Vegetarian,https://cdn2.nutrabay.com/uploads/product/featured_image/product-283-featured_image-Kevin_Levrone_Anabolic_Mass_Gainer.jpg,https://cdn2.nutrabay.com/images/Logo.png,,https://nutrabay.com/product/kevin-levrone-anabolic-mass-gainer
Mass & Weight Gainers,Labrada Super Mass Gainer,,1 kg,,1049,3709,72%,,,4.6,0,Vegetarian,https://cdn2.nutrabay.com/uploads/product/featured_image/product-4293-featured_image-Labrada_Super_Mass_Gainer.jpg,https://cdn2.nutrabay.com/images/Logo.png,,https://nutrabay.com/product/labrada-super-mass-gainer
Mass & Weight Gainers,MuscleBlaze Mass Gainer XXL,MuscleBlaze,1 kg,,1199,3709,68%,,,4.6,0,Vegetarian,https://cdn2.nutrabay.com/uploads/product/featured_image/product-2661-featured_image-MuscleBlaze_Mass_Gainer_XXL.jpg,https://cdn2.nutrabay.com/images/Logo.png,,https://nutrabay.com/product/muscleblaze-mass-gainer-xxl
Mass & Weight Gainers,GNC Weight Gainer Powder,GNC,3 kg,,2489,3709,33%,,,4.5,0,Vegetarian,https://cdn.nutrabay.com/wp-content/uploads/2020/02/NB-GNC-1073-01-01-340x340.jpg,https://cdn2.nutrabay.com/images/Logo.png,,https://nutrabay.com/product/gnc-weight-gainer-powder
Mass & Weight Gainers,MuscleTech MassTech Extreme 2000,MuscleTech,3 kg,,3099,3709,16%,,,4.5,0,Vegetarian,https://cdn.nutrabay.com/wp-content/uploads/2021/11/NB-MUT-1011-07-01-340x340.jpg,https://cdn2.nutrabay.com/images/Logo.png,,https://nutrabay.com/product/muscletech-masstech-extreme-2000
Mass & Weight Gainers,Mutant Mass Extreme Gainer 2500,,2.72 kg,,2976,3709,20%,,,4.9,0,Vegetarian,https://cdn2.nutrabay.com/uploads/product/images/featured_image-NB-MTT-1011-PA-400x400.webp,https://cdn2.nutrabay.com/images/Logo.png,,https://nutrabay.com/product/mutant-mass-extreme-gainer-2500
Mass & Weight Gainers,Absolute Nutrition Mass Gainer Supplement Powder,,1 kg,,999,3709,73%,,,4.4,0,Vegetarian,https://cdn.nutrabay.com/wp-content/uploads/2021/12/NB-ABS-1013-14-01-340x340.jpg,https://cdn2.nutrabay.com/images/Logo.png,,https://nutrabay.com/product/absolute-nutrition-mass-gainer-supplement-powder
Mass & Weight Gainers,Avvatar Advanced Mass Gainer,,2 kg,,2299,3709,38%,,,4.3,0,Vegetarian,https://cdn.nutrabay.com/wp-content/uploads/2022/01/NB-AVT-1002-06-01-340x340.jpg,https://cdn2.nutrabay.com/images/Logo.png,,https://nutrabay.com/product/avvatar-advanced-mass-gainer
Mass & Weight Gainers,BPI Sports Bulk Muscle XL,BPI Sports,1 kg,,1099,3709,70%,,,5.0,0,Vegetarian,https://cdn.nutrabay.com/wp-content/uploads/2021/11/NB-BPI-1014-03-01-340x340.jpg,https://cdn2.nutrabay.com/images/Logo.png,,https://nutrabay.com/product/bpi-sports-bulk-muscle-xl
Mass & Weight Gainers,Healthfarm Hydro Gain Muscle Mass Gainer,,3 kg,,2369,3709,36%,,,4.3,0,Vegetarian,https://cdn2.nutrabay.com/uploads/product/featured_image/product-686-featured_image-Healthfarm_Hydro_Gain_Muscle_Mass_Gainer.jpg,https://cdn2.nutrabay.com/images/Logo.png,,https://nutrabay.com/product/healthfarm-hydro-gain-muscle-mass-gainer
Mass & Weight Gainers,Wheymill Rhino Gainer With Micronised Creatine,,1 kg,,949,3709,74%,,,4.5,0,Vegetarian,https://cdn2.nutrabay.com/uploads/product/images/featured_image-NB-WYM-1002-PA-400x400.webp,https://cdn2.nutrabay.com/images/Logo.png,,https://nutrabay.com/product/wheymill-rhino-gainer-with-creatine-monohydrate
Mass & Weight Gainers,MuscleBlaze High Protein Gold Gainer,MuscleBlaze,3 kg,,3699,3709,21%,,,4.5,0,Vegetarian,https://cdn.nutrabay.com/wp-content/uploads/2023/07/NB-MBZ-1036-01-01-340x340.jpg,https://cdn2.nutrabay.com/images/Logo.png,,https://nutrabay.com/product/muscleblaze-gold-gainer-xxl
Mass & Weight Gainers,MuscleTech Mass-Tech Elite,MuscleTech,3 kg,,4599,3709,21%,,,4.9,0,Vegetarian,https://cdn.nutrabay.com/wp-content/uploads/2023/03/NB-MUT-1057-03-01-340x340.jpg,https://cdn2.nutrabay.com/images/Logo.png,,https://nutrabay.com/product/muscletech-mass-tech-elite-scientifically-superior-mass-gainer
Mass & Weight Gainers,Bigmuscles Nutrition Bodyfuel Hardcore Mass Gainer,Bigmuscles,1 kg,,1159,3709,69%,,,4.9,0,Vegetarian,https://cdn2.nutrabay.com/uploads/product/images/featured_image-NB-BGM-1000-PA-400x400.webp,https://cdn2.nutrabay.com/images/Logo.png,,https://nutrabay.com/product/big-muscles-bodyfuel-hardcore
Mass & Weight Gainers,Avvatar Muscle Gainer,,2 kg,,3306,3709,11%,,,4.2,0,Vegetarian,https://cdn.nutrabay.com/wp-content/uploads/2021/12/NB-AVT-1003-10-01-340x340.jpg,https://cdn2.nutrabay.com/images/Logo.png,,https://nutrabay.com/product/avvatar-advanced-muscle-gainer
Mass & Weight Gainers,Bolt Mass Gainer Super-Charged With Phycocyanin,Bolt,2.26 kg,,2041,3709,45%,,,4.5,0,Vegetarian,https://cdn2.nutrabay.com/uploads/product/featured_image/product-1059-featured_image-Bolt_Mass_Gainer_SuperCharged_With_Phycocyanin.jpg,https://cdn2.nutrabay.com/images/Logo.png,,https://nutrabay.com/product/bolt-mass-gainer-super-charged-with-phycocyanin
Mass & Weight Gainers,Myfitness GAINER-H2O,Myfitness,2.4 kg,,2689,3709,28%,,,5.0,0,Vegetarian,https://cdn2.nutrabay.com/uploads/product/images/featured_image-NB-H2O-1011-PA-1766424021-400x400.webp,https://cdn2.nutrabay.com/images/Logo.png,,https://nutrabay.com/product/myfitness-gainer-h2o
Mass & Weight Gainers,Gibbon Nutrition Mass Gainer,,3 kg,,2549,3709,31%,,,5.0,0,Vegetarian,https://cdn2.nutrabay.com/uploads/product/images/featured_image-NB-GIB-1004-PA-1777889120-400x400.webp,https://cdn2.nutrabay.com/images/Logo.png,,https://nutrabay.com/product/gibbon-nutrition-mass-gainer
Mass & Weight Gainers,GNC Amp Mass XXX Powder,GNC,2 kg,,3199,3709,14%,,,4.5,0,Vegetarian,https://cdn.nutrabay.com/wp-content/uploads/2022/10/NB-GNC-1002-04-340x340.jpg,https://cdn2.nutrabay.com/images/Logo.png,,https://nutrabay.com/product/gnc-amp-mass-xxx-powder
Mass & Weight Gainers,MuscleBlaze Weight Gainer With Added Digezyme,MuscleBlaze,3 kg,,2899,3709,22%,,,4.3,0,Vegetarian,https://cdn.nutrabay.com/wp-content/uploads/2019/02/NB-MBZ-1031-01-01-340x340.jpg,https://cdn2.nutrabay.com/images/Logo.png,,https://nutrabay.com/product/muscle-blaze-weight-gainer-with-added-digezyme
L-Carnitine,MuscleBlaze Liquid L-Carnitine,MuscleBlaze,450 ml,,649,1269,49%,,,4.6,0,Vegetarian,https://cdn.nutrabay.com/wp-content/uploads/2023/05/NB-MBZ-1058-01-01-340x340.jpg,https://cdn2.nutrabay.com/images/Logo.png,,https://nutrabay.com/product/muscleblaze-liquid-l-carnitine
L-Carnitine,BPI Sports Liquid L-Carnitine,BPI Sports,450 ml,,1199,1269,6%,,,4.5,0,Vegetarian,https://cdn.nutrabay.com/wp-content/uploads/2022/04/NB-BPI-1022-01-01-340x340.jpg,https://cdn2.nutrabay.com/images/Logo.png,,https://nutrabay.com/product/bpi-sports-liquid-l-carnitine
L-Carnitine,"Fast&Up Lean Body L-Carnitine Tartrate, 2000mg - Advanced Effervescent Carnitine Supplement",Fast&Up,450 ml,,537,1269,58%,,,4.7,0,Vegetarian,https://cdn2.nutrabay.com/uploads/product/featured_image/product-1230-featured_image-FastUp_Lean_Body_LCarnitine_Tartrate_2000mg__Advanced_Effervescent_Carnitine_Supplement.jpg,https://cdn2.nutrabay.com/images/Logo.png,,https://nutrabay.com/product/fastup-l-carnitine-tartrate-1000mg-advanced-effervescent-carnitine-supplement
L-Carnitine,Labrada L-Carnitine Liquid (Double Strength L-Carnitine 3000mg Per Serving),,450 ml,,1149,1269,9%,,,4.7,0,Vegetarian,https://cdn2.nutrabay.com/uploads/product/featured_image/product-1084-featured_image-Labrada_LCarnitine_Liquid_Double_Strength_100_LCarnitine_3000mg_Per_Serving.jpg,https://cdn2.nutrabay.com/images/Logo.png,,https://nutrabay.com/product/labrada-l-carnitine-liquid-double-strength-100-l-carnitine-3000mg-per-serving
L-Carnitine,GNC Total Lean Triple Strength L-Carnitine Liquid - 3000mg,GNC,450 ml,,1449,1269,37%,,,4.7,0,Vegetarian,https://cdn2.nutrabay.com/uploads/product/featured_image/product-3655-featured_image-GNC_Total_Lean_Triple_Strength_LCarnitine_Liquid__3000mg.jpg,https://cdn2.nutrabay.com/images/Logo.png,,https://nutrabay.com/product/gnc-total-lean-triple-strength-l-carnitine-liquid-3000mg
L-Carnitine,Healthfarm Series Liquid L Carnitine 1500 mg,,400 ml,,549,1269,57%,,,4.7,0,Vegetarian,https://cdn2.nutrabay.com/uploads/product/featured_image/product-3982-featured_image-Healthfarm__Series_Liquid_L_Carnitine_1500_mg.jpg,https://cdn2.nutrabay.com/images/Logo.png,,https://nutrabay.com/product/healthfarm-series-liquid-l-carnitine-1500-mg
L-Carnitine,Gaspari Nutrition Liquid Carnitine 3200mg,,450 ml,,1139,1269,10%,,,4.0,0,Vegetarian,https://cdn.nutrabay.com/wp-content/uploads/2023/03/NB-GAS-1022-01-01-340x340.jpg,https://cdn2.nutrabay.com/images/Logo.png,,https://nutrabay.com/product/gaspari-nutrition-liquid-carnitine-3200mg
L-Carnitine,BPI Sports CLA+Carnitine,BPI Sports,300 g,,1999,1269,37%,,,4.7,0,Vegetarian,https://cdn2.nutrabay.com/uploads/product/featured_image/product-2175-featured_image-BPI_Sports_CLACarnitine.jpg,https://cdn2.nutrabay.com/images/Logo.png,,https://nutrabay.com/product/bpi-sports-cla-carnitine
L-Carnitine,Pole Nutrition L-Carnitine Liquid 3000mg,Pole Nutrition,500 ml,,1449,1269,37%,,,5.0,0,Vegetarian,https://cdn2.nutrabay.com/uploads/product/featured_image/product-876-featured_image-Pole_Nutrition_LCarnitine_Liquid_3000mg.jpg,https://cdn2.nutrabay.com/images/Logo.png,,https://nutrabay.com/product/pole-nutrition-l-carnitine-liquid-3000mg
L-Carnitine,Pole Nutrition L-Carnitine,Pole Nutrition,450 ml,,882,1269,30%,Pole Nutrition L-Carnitine is one of the most versatile supplements for athletes looking to improve athletic performance and endurance. L-Carnitine helps the body produce energy providing support for endurance exercise (aerobic) and during recovery from high-intensity activities such as weightlifting and sprinting (anaerobic). Supplementing with this fast-acting formula helps to maximize muscle carnitine concentrations at the gym or before athletic competition.*,,5.0,0,Vegetarian,https://cdn.nutrabay.com/wp-content/uploads/2022/01/NB-POL-1018-01-01-340x340.jpg,https://cdn2.nutrabay.com/images/Logo.png,,https://nutrabay.com/product/pole-nutrition-l-carnitine
L-Carnitine,Pure Nutrition L Carnitine Liquid 3300mg,,450 ml,,824,1269,35%,,,4.7,0,Vegetarian,https://cdn2.nutrabay.com/uploads/product/images/featured_image-NB-PRN-1038-PA-1773828917-400x400.webp,https://cdn2.nutrabay.com/images/Logo.png,,https://nutrabay.com/product/pure-nutrition-l-carnitine-liquid-3300mg
L-Carnitine,Fast&Up L-Carnitine 3000mg,Fast&Up,450 ml,,744,1269,41%,,,4.7,0,Vegetarian,https://cdn2.nutrabay.com/uploads/product/featured_image/product-3670-featured_image-FastUp_LCarnitine_3000mg.jpg,https://cdn2.nutrabay.com/images/Logo.png,,https://nutrabay.com/product/fastup-l-carnitine-3000mg
L-Carnitine,Healthfarm Liquid L Carnitine 3000mg,,450 ml,,1149,1269,9%,,,5.0,0,Vegetarian,https://cdn.nutrabay.com/wp-content/uploads/2023/04/NB-HLF-1015-01-01-340x340.jpg,https://cdn2.nutrabay.com/images/Logo.png,,https://nutrabay.com/product/healthfarm-liquid-l-carnitine-3000mg
L-Carnitine,One Science Nutrition L-Carnitine 3000mg,,450 ml,,1449,1269,37%,,,4.7,0,Vegetarian,https://cdn2.nutrabay.com/uploads/product/images/featured_image-NB-OSC-1026-PA-1770192029-400x400.webp,https://cdn2.nutrabay.com/images/Logo.png,,https://nutrabay.com/product/one-science-essential-series-carnitine-liquid-3000mg
L-Carnitine,Steadfast Nutrition L-Carnitine 3000mg,,450 ml,,1281,1269,37%,,,4.7,0,Vegetarian,https://cdn2.nutrabay.com/uploads/product/images/featured_image-NB-SDF-1029-PA-1756981216-400x400.webp,https://cdn2.nutrabay.com/images/Logo.png,,https://nutrabay.com/product/steadfast-nutrition-l-carnitine-3000mg
BCAA,Xtend Bcaa (Intra Workout Catalyst),,250 g,,1849,879,20%,,,4.8,0,Vegetarian,https://cdn2.nutrabay.com/uploads/product/images/featured_image-NB-SCV-1000-PA-1775546718-400x400.webp,https://cdn2.nutrabay.com/images/Logo.png,,https://nutrabay.com/product/scivation-xtend-bcaa-intra-workout-catalyst
BCAA,Optimum Nutrition (ON) Instantized BCAA 5000 Powder,Optimum Nutrition,250 g,,819,879,7%,,,4.2,0,Vegetarian,https://cdn2.nutrabay.com/uploads/product/images/featured_image-NB-OPT-1010-PA-1773050120-400x400.webp,https://cdn2.nutrabay.com/images/Logo.png,,https://nutrabay.com/product/optimum-nutrition-on-instantized-bcaa-5000-mg-powder-380-g-2
BCAA,Myfitness iBCAA-H2O,Myfitness,300 g,,849,879,3%,,,4.5,0,Vegetarian,https://cdn2.nutrabay.com/uploads/product/images/featured_image-NB-H2O-1000-PA-1766066424-400x400.webp,https://cdn2.nutrabay.com/images/Logo.png,,https://nutrabay.com/product/myfitness-ibcaa-h2o
BCAA,Healthfarm Intra BCAA Powder,,250 g,,529,879,40%,,,5.0,0,Vegetarian,https://cdn2.nutrabay.com/uploads/product/featured_image/product-3986-featured_image-Healthfarm_Intra_BCAA_Powder.jpg,https://cdn2.nutrabay.com/images/Logo.png,,https://nutrabay.com/product/healthfarm-intra-bcaa-powder
BCAA,MuscleBlaze BCAA Pro,MuscleBlaze,450 g,,1499,879,20%,,,4.8,0,Vegetarian,https://cdn.nutrabay.com/wp-content/uploads/2018/05/NB-MBZ-1007-01-01-340x340.jpg,https://cdn2.nutrabay.com/images/Logo.png,,https://nutrabay.com/product/muscleblaze-bcaa-pro-450g
BCAA,BPI Sports Best BCAA,BPI Sports,300 g,,1249,879,20%,,,4.6,0,Vegetarian,https://cdn2.nutrabay.com/uploads/product/featured_image/product-2443-featured_image-BPI_Sports_Best_BCAA.jpg,https://cdn2.nutrabay.com/images/Logo.png,,https://nutrabay.com/product/bpi-sports-best-bcaa
BCAA,Naturaltein BCAA (e+) BOOST with Electrolytes,Naturaltein,300 g,,1049,879,20%,,,4.7,0,Vegetarian,https://cdn2.nutrabay.com/uploads/product/featured_image/product-4279-featured_image-Naturaltein_BCAA_e_BOOST_with_ELECTROLYTES.jpg,https://cdn2.nutrabay.com/images/Logo.png,,https://nutrabay.com/product/naturaltein-bcaa-e-boost-with-electrolytes
BCAA,Pole Nutrition BCAA Stroke,Pole Nutrition,417 g,,1799,879,20%,,,4.6,0,Vegetarian,https://cdn2.nutrabay.com/uploads/product/featured_image/product-899-featured_image-Pole_Nutrition_BCAA_Stroke.jpg,https://cdn2.nutrabay.com/images/Logo.png,,https://nutrabay.com/product/pole-nutrition-bcaa-stroke
BCAA,One Science Nutrition Advanced BCAA,,250 g,,1499,879,20%,,,4.7,0,Vegetarian,https://cdn2.nutrabay.com/uploads/product/images/featured_image-NB-OSC-1031-PA-1770193521-400x400.webp,https://cdn2.nutrabay.com/images/Logo.png,,https://nutrabay.com/product/one-science-nutrition-advanced-bcaa
BCAA,Fast&Up BCAA Intra Training,Fast&Up,454 g,,1485,879,20%,,,5.0,0,Vegetarian,https://cdn.nutrabay.com/wp-content/uploads/2021/05/NB-FUP-1001-01-02.1-340x340.jpg,https://cdn2.nutrabay.com/images/Logo.png,,https://nutrabay.com/product/fastup-bcaa-ultra-granulation-technology-with-5000-mg-211-bcaa-blend
BCAA,MuscleBlaze BCAA Gold 8:1:1,MuscleBlaze,450 g,,2049,879,20%,,,4.8,0,Vegetarian,https://cdn.nutrabay.com/wp-content/uploads/2019/02/NB-MBZ-1032-01-01-340x340.jpg,https://cdn2.nutrabay.com/images/Logo.png,,https://nutrabay.com/product/muscleblaze-bcaa-gold-811
BCAA,GNC AMP Gold Series BCAA Advanced w/ Vitamin B6,GNC,400 g,,1399,879,20%,,,5.0,0,Vegetarian,https://cdn.nutrabay.com/wp-content/uploads/2022/02/NB-GNC-1071-06-01-340x340.jpg,https://cdn2.nutrabay.com/images/Logo.png,,https://nutrabay.com/product/gnc-amp-gold-series-bcaa-advanced
BCAA,Unmatched Immuno-IGG,,60 g,,5279,879,20%,,,4.7,0,Vegetarian,https://cdn2.nutrabay.com/uploads/product/featured_image/product-3890-featured_image-UNMATCHED_ImmunoIGG.jpg,https://cdn2.nutrabay.com/images/Logo.png,,https://nutrabay.com/product/unmatched-immuno-igg
BCAA,Vlado's Himalayan Organics L-Lysine 500mg,,250 g,,697,879,21%,,,4.7,0,Vegetarian,https://cdn2.nutrabay.com/uploads/product/featured_image/product-4239-featured_image-Vlado's_Himalayan_Organics_LLysine_500mg.jpg,https://cdn2.nutrabay.com/images/Logo.png,,https://nutrabay.com/product/vlados-himalayan-organics-l-lysine-500mg
BCAA,Pure Nutrition NXTShift All-in-One BCAA,,250 g,,879,879,20%,,,4.7,0,Vegetarian,https://cdn2.nutrabay.com/uploads/product/images/featured_image-NB-PRN-1037-PA-1773750620-400x400.webp,https://cdn2.nutrabay.com/images/Logo.png,,https://nutrabay.com/product/pure-nutrition-sports-bcaa
BCAA,ProSupps Hydro Bcaa 2:1:1,ProSupps,255 g,,1540,879,20%,,,4.7,0,Vegetarian,https://cdn.nutrabay.com/wp-content/uploads/2023/08/NB-PSP-1020-01-01-340x340.jpg,https://cdn2.nutrabay.com/images/Logo.png,,https://nutrabay.com/product/prosupps-hydro-bcaa-211
BCAA,Fast&Up BCAA Essentials 2:1:1,Fast&Up,277 g,,987,879,20%,,,5.0,0,Vegetarian,https://cdn.nutrabay.com/wp-content/uploads/2023/10/NB-FUP-1027-02-01-340x340.jpg,https://cdn2.nutrabay.com/images/Logo.png,,https://nutrabay.com/product/fastup-bcaa-essentials-211
BCAA,Steadfast Nutrition Active BCAA,,250 g,,1449,909,39%,,,4.7,0,Vegetarian,https://cdn2.nutrabay.com/uploads/product/images/featured_image-NB-SDF-1028-PA-1756981214-400x400.webp,https://cdn2.nutrabay.com/images/Logo.png,,https://nutrabay.com/product/steadfast-nutrition-active-bcaas
All Proteins,BSN Syntha-6 Protein Powder,BSN,2.27 kg,,5512,1669,19%,,,4.7,0,Vegetarian,https://cdn2.nutrabay.com/uploads/product/images/featured_image-NB-BSN-1005-PA-1777974016-400x400.webp,https://cdn2.nutrabay.com/images/Logo.png,,https://nutrabay.com/product/bsn-syntha-6-protein-powder
All Proteins,TruNativ Whey protein Pro Blend,,216 g,,849,1669,49%,,,4.0,0,Vegetarian,https://cdn2.nutrabay.com/uploads/product/featured_image/product-4207-featured_image-TruNativ_Whey_protein_Pro_Blend.jpg,https://cdn2.nutrabay.com/images/Logo.png,,https://nutrabay.com/product/trunativ-whey-protein-pro-blend
Fish Oil,MuscleBlaze Fish Oil 1000mg,MuscleBlaze,20 g,,279,349,20%,,,4.6,0,Vegetarian,https://cdn.nutrabay.com/wp-content/uploads/2022/04/NB-MBZ-1010-04-01-340x340.jpg,https://cdn2.nutrabay.com/images/Logo.png,,https://nutrabay.com/product/muscleblaze-fish-oil
Fish Oil,Neuherbs Deep Sea Omega 3 Fish Oil 2500mg (Triple Strength) With Vitamin D3 & E,Neuherbs,20 g,,749,349,20%,,,4.6,0,Vegetarian,https://cdn2.nutrabay.com/uploads/product/images/featured_image-NB-NEH-1000-PA-1757409915-400x400.webp,https://cdn2.nutrabay.com/images/Logo.png,,https://nutrabay.com/product/neuherbs-deep-sea-fish-oil-omega-3-supplement-triple-strength-2500mg
Fish Oil,MuscleBlaze Omega 3 Fish Oil Gold 1250mg - Triple Strength Formula (560mg EPA & 400mg DHA),MuscleBlaze,20 g,,849,349,20%,,,4.9,0,Vegetarian,https://cdn2.nutrabay.com/uploads/product/featured_image/product-2343-featured_image-MuscleBlaze_Omega_3_Fish_Oil_Gold_1250mg__Triple_Strength_Formula_560mg_EPA__400mg_DHA.jpg,https://cdn2.nutrabay.com/images/Logo.png,,https://nutrabay.com/product/muscleblaze-fish-oil-gold-460-epa-380-dha
Fish Oil,Optimum Nutrition (ON) Fish Oil,Optimum Nutrition,20 g,,459,349,20%,,,4.6,0,Vegetarian,https://cdn2.nutrabay.com/uploads/product/images/featured_image-NB-OPT-1007-PA-400x400.webp,https://cdn2.nutrabay.com/images/Logo.png,,https://nutrabay.com/product/optimum-nutrition-on-fish-oil-2
Fish Oil,MuscleTech Platinum Fish Oil,MuscleTech,20 g,,749,349,20%,,,4.6,0,Vegetarian,https://cdn.nutrabay.com/wp-content/uploads/2023/03/NB-MUT-1021-PA-01-340x340.jpg,https://cdn2.nutrabay.com/images/Logo.png,,https://nutrabay.com/product/muscletech-platinum-100-fish-oil-100-softgels
Fish Oil,Pole Nutrition Omega 3 Fish Oil 1000Mg,Pole Nutrition,20 g,,799,349,20%,,,5.0,0,Vegetarian,https://cdn.nutrabay.com/wp-content/uploads/2022/01/NB-POL-1012-01-01-340x340.jpg,https://cdn2.nutrabay.com/images/Logo.png,,https://nutrabay.com/product/pole-nutrition-omega-3
Fish Oil,MyProtein Essential Omega 3,Myprotein,20 g,,815,349,20%,,,4.8,0,Vegetarian,https://cdn2.nutrabay.com/uploads/product/images/featured_image-NB-MYP-1057-PA-1766061622-400x400.webp,https://cdn2.nutrabay.com/images/Logo.png,,https://nutrabay.com/product/myprotein-essential-omega-3
Fish Oil,"HealthAid Omega 3 750mg (EPA 425mg, DHA 325mg)",,20 g,,1579,349,20%,,,4.9,0,Vegetarian,https://cdn2.nutrabay.com/uploads/product/images/featured_image-NB-HEA-1091-PA1-400x400.webp,https://cdn2.nutrabay.com/images/Logo.png,,https://nutrabay.com/product/healthaid-omega-3-750mg-epa-425mg-dha-325mg
Fish Oil,Now Foods Omega-3 Fish Oil,,20 g,,944,349,20%,,,4.7,0,Vegetarian,https://cdn2.nutrabay.com/uploads/product/featured_image/product-2671-featured_image-Now_Foods_Omega3_Fish_Oil.jpg,https://cdn2.nutrabay.com/images/Logo.png,,https://nutrabay.com/product/now-foods-omega-3
Fish Oil,Naturaltein Omega 3 Single Strength,Naturaltein,20 g,,499,349,20%,,,4.8,0,Vegetarian,https://cdn2.nutrabay.com/uploads/product/images/featured_image-NB-NTR-1027-PA-1757869813-400x400.webp,https://cdn2.nutrabay.com/images/Logo.png,,https://nutrabay.com/product/naturaltein-omega-3-single-strength
Fish Oil,"Dr. Morepen Omega 3 Deep Sea Fish Oil Triple Strength, 1250mg with 750mg DHA & EPA",,20 g,,666,349,20%,,,4.8,0,Vegetarian,https://cdn2.nutrabay.com/uploads/product/featured_image/product-630-featured_image-Dr_Morepen_Omega_3_Deep_Sea_Fish_Oil_Triple_Strength_1250mg_with_850mg_DHA__EPA.jpg,https://cdn2.nutrabay.com/images/Logo.png,,https://nutrabay.com/product/dr-morepen-omega-3-deep-sea-fish-oil-triple-strength-1250mg-with-900mg-dha-epa
Fish Oil,Neuherbs Gold Deep Sea Omega 3 Fish For Men & Women With Vitamin D3 & E,Neuherbs,20 g,,1099,349,20%,,,4.0,0,Vegetarian,https://cdn2.nutrabay.com/uploads/product/images/featured_image-NB-NEH-1030-PA-1761545410-400x400.webp,https://cdn2.nutrabay.com/images/Logo.png,,https://nutrabay.com/product/neuherbs-gold-deep-sea-fish-oil
Fish Oil,Dr. Morepen Omega 3 Deep Sea Fish Oil,,20 g,,439,349,20%,,,5.0,0,Vegetarian,https://cdn2.nutrabay.com/uploads/product/featured_image/product-3763-featured_image-Dr_Morepen_Omega_3_Deep_Sea_Fish_Oil.jpg,https://cdn2.nutrabay.com/images/Logo.png,,https://nutrabay.com/product/dr-morepen-omega-3-deep-sea-fish-oil
Fish Oil,BPI Sports Omega 3 Fish Oil,BPI Sports,20 g,,529,349,20%,,,4.8,0,Vegetarian,https://cdn2.nutrabay.com/uploads/product/images/featured_image-NB-BPI-1033-PA-1773660913-400x400.webp,https://cdn2.nutrabay.com/images/Logo.png,,https://nutrabay.com/product/bpi-sports-omega-3
Fish Oil,One Science Nutrition Omega 3 Alaska Fish Oil,,20 g,,989,349,20%,,,5.0,0,Vegetarian,https://cdn2.nutrabay.com/uploads/product/images/featured_image-NB-OSC-1032-PA-1777011916-400x400.webp,https://cdn2.nutrabay.com/images/Logo.png,,https://nutrabay.com/product/one-science-nutrition-omega-3-alaska-fish-oil
Fish Oil,"Neuherbs Deep Sea Omega 3 Cod Liver Oil 600mg With Vitamin A, D3 & E",Neuherbs,20 g,,299,349,14%,,,4.3,0,Vegetarian,https://cdn2.nutrabay.com/uploads/product/images/featured_image-NB-NEH-1023-PA-1768971625-400x400.webp,https://cdn2.nutrabay.com/images/Logo.png,,https://nutrabay.com/product/neuherbs-deep-sea-cod-liver-oil
Fish Oil,Dr. Morepen MultiVitamin Men (60 Softgel) + Omega 3 Triple Strength Fish Oil (60 Softgel),,20 g,,1057,349,20%,,,5.0,0,Vegetarian,https://cdn.nutrabay.com/wp-content/uploads/2023/03/NB-DRP-1025-01_1-340x340.jpg,https://cdn2.nutrabay.com/images/Logo.png,,https://nutrabay.com/product/dr-morepen-multivitam-men-omega-3-triple-strengh-fish-oil-combo-pack
Fish Oil,"Dr. Morepen COD Liver Oil Capsules With Natural Omega 3, Vitamin A & D",,20 g,,354,349,20%,,,5.0,0,Vegetarian,https://cdn2.nutrabay.com/uploads/product/images/featured_image-NB-DRP-1007-PA-1762161019-400x400.webp,https://cdn2.nutrabay.com/images/Logo.png,,https://nutrabay.com/product/dr-morepen-cod-liver-oil-capsules-with-natural-omega-3-vitamin-a-d
Fish Oil,Ace Blend Outshine Omega 3 1650mg,Ace Blend,20 g,,899,349,20%,,,5.0,0,Vegetarian,https://cdn2.nutrabay.com/uploads/product/images/featured_image-NB-ACB-1004-PA-1763018117-400x400.webp,https://cdn2.nutrabay.com/images/Logo.png,,https://nutrabay.com/product/ace-blend-outshine-omega-3-1650mg
Fish Oil,GreenOpia Omega-3 Fish Oil Double Strength 1000mg,,20 g,,649,349,20%,,,4.8,0,Vegetarian,https://cdn2.nutrabay.com/uploads/product/images/featured_image-NB-GOP-1003-PA-1760599512-400x400.webp,https://cdn2.nutrabay.com/images/Logo.png,,https://nutrabay.com/product/greenopia-omega-3-fish-oil-double-strength-1000mg
Fish Oil,Dr. Morepen Omega 3 Deep Sea Fish Oil 500mg with 300mg DHA & EPA,,20 g,,461,349,20%,,,4.8,0,Vegetarian,https://cdn2.nutrabay.com/uploads/product/images/featured_image-NB-DRP-1003-PA-1762161016-400x400.webp,https://cdn2.nutrabay.com/images/Logo.png,,https://nutrabay.com/product/dr-morepen-omega-3-deep-sea-fish-oil-500mg-with-300mg-dha-epa
Fish Oil,HealthAid Salmon Oil 1000mg,,20 g,,1133,349,20%,,,5.0,0,Vegetarian,https://cdn2.nutrabay.com/uploads/product/images/featured_image-NB-HEA-1100-PA1-400x400.webp,https://cdn2.nutrabay.com/images/Logo.png,,https://nutrabay.com/product/healthaid-salmon-oil-1000mg
Fish Oil,Kaged Muscle Omega 3,,20 g,,2834,349,20%,,,5.0,0,Vegetarian,https://cdn2.nutrabay.com/uploads/product/featured_image/product-3253-featured_image-Kaged_Muscle_Omega_3.jpg,https://cdn2.nutrabay.com/images/Logo.png,,https://nutrabay.com/product/kaged-muscle-omega-3
Fish Oil,Fast&Up Promega - 1250mg Omega 3 with High EPA:DHA Burpless Fish Oil,Fast&Up,20 g,,676,349,20%,,,4.8,0,Vegetarian,https://cdn.nutrabay.com/wp-content/uploads/2023/09/NB-FUP-1006-01-01-340x340.jpg,https://cdn2.nutrabay.com/images/Logo.png,,https://nutrabay.com/product/fastup-promega-1250mg-omega-3-with-high-epadha-burpless-fish-oil
Multivitamins,Optimum Nutrition (ON) Multivitamin for Men,Optimum Nutrition,20 g,,579,309,42%,,,4.8,0,Vegetarian,https://cdn2.nutrabay.com/uploads/product/featured_image/product-4088-featured_image-Optimum_Nutrition_ON_Multivitamin_for_Men.jpg,https://cdn2.nutrabay.com/images/Logo.png,,https://nutrabay.com/product/optimum-nutrition-on-multivitamin-for-men
Multivitamins,MuscleBlaze MB-Vite MultiVitamins,MuscleBlaze,20 g,,529,309,42%,,,4.8,0,Vegetarian,https://cdn.nutrabay.com/wp-content/uploads/2018/06/NB-MBZ-1015-01-01-340x340.jpg,https://cdn2.nutrabay.com/images/Logo.png,,https://nutrabay.com/product/muscleblaze-mb-vite-multi-vitamins
Multivitamins,MuscleTech Platinum MultiVitamin,MuscleTech,20 g,,749,309,42%,,,4.8,0,Vegetarian,https://cdn.nutrabay.com/wp-content/uploads/2023/03/NB-MUT-1042-02-01-340x340.jpg,https://cdn2.nutrabay.com/images/Logo.png,,https://nutrabay.com/product/muscletech-multivitamin
Multivitamins,MuscleBlaze Biozyme 5-in-1 Multivitamin,MuscleBlaze,20 g,,899,309,42%,,,4.3,0,Vegetarian,https://cdn2.nutrabay.com/uploads/product/featured_image/product-3077-featured_image-MuscleBlaze_Biozyme_5in1_Multivitamin.jpg,https://cdn2.nutrabay.com/images/Logo.png,,https://nutrabay.com/product/muscleblaze-biozyme-daily-multivitamin
Multivitamins,GNC Mega Men One Daily,GNC,20 g,,472,309,42%,,,4.7,0,Vegetarian,https://cdn2.nutrabay.com/uploads/product/featured_image/product-2719-featured_image-GNC_Mega_Men_One_Daily_Caplets.jpg,https://cdn2.nutrabay.com/images/Logo.png,,https://nutrabay.com/product/gnc-mega-men-one-daily-caplets
Multivitamins,Naturaltein Iron Bisglycinate + Vitamin C For Male,Naturaltein,20 g,,339,309,42%,,,4.0,0,Vegetarian,https://cdn2.nutrabay.com/uploads/product/featured_image/product-4129-featured_image-Naturaltein_Iron_Bisglycinate__Vitamin_C_For_Male.jpg,https://cdn2.nutrabay.com/images/Logo.png,,https://nutrabay.com/product/naturaltein-iron-bisglycinate-vitamin-c-for-male
Multivitamins,Decode Age DAKE® 5000 IU,Decode Age,20 g,,1199,309,42%,,,5.0,0,Vegetarian,https://cdn2.nutrabay.com/uploads/product/images/featured_image-NB-DCA-1023-PA-1773910521-400x400.webp,https://cdn2.nutrabay.com/images/Logo.png,,https://nutrabay.com/product/decode-age-dake-5000-iu-multivitamin-plant-based-d3-k2-mk-7-a-e
Multivitamins,Pole Nutrition Multivitamin Tablets,Pole Nutrition,20 g,,799,309,42%,,,4.6,0,Vegetarian,https://cdn2.nutrabay.com/uploads/product/featured_image/product-892-featured_image-Pole_Nutrition_Multivitamin_Tablets.jpg,https://cdn2.nutrabay.com/images/Logo.png,,https://nutrabay.com/product/pole-nutrition-multivitamin-tablets
Multivitamins,GNC Mega Men Sport,GNC,20 g,,739,309,42%,,,4.9,0,Vegetarian,https://cdn.nutrabay.com/wp-content/uploads/2018/07/NB-GNC-1041-PA-01-340x340.jpg,https://cdn2.nutrabay.com/images/Logo.png,,https://nutrabay.com/product/gnc-mega-men-sport-180-tablets
Multivitamins,Rasayanam Multivitamin for Men,,20 g,,599,309,42%,,,4.2,0,Vegetarian,https://cdn2.nutrabay.com/uploads/product/images/featured_image-NB-RAS-1005-PA-1761540614-400x400.webp,https://cdn2.nutrabay.com/images/Logo.png,,https://nutrabay.com/product/rasayanam-multivitamin-for-men
Multivitamins,Naturaltein Iron Bisglycinate + Vitamin C For Female,Naturaltein,20 g,,339,329,24%,,,4.8,0,Vegetarian,https://cdn2.nutrabay.com/uploads/product/images/featured_image-NB-NTR-1016-PA-1778062816-400x400.webp,https://cdn2.nutrabay.com/images/Logo.png,,https://nutrabay.com/product/naturaltein-iron-bisglycinate-vitamin-c-for-female
Multivitamins,Decode Age NMN 500 Supplement,Decode Age,20 g,,1499,309,42%,,,5.0,0,Vegetarian,https://cdn2.nutrabay.com/uploads/product/images/featured_image-NB-DCA-1005-PA-1773904817-400x400.webp,https://cdn2.nutrabay.com/images/Logo.png,,https://nutrabay.com/product/decode-age-uthever-nmn-500-nad-booster
Multivitamins,Rasayanam Multivitamin for Women,,20 g,,649,329,24%,,,5.0,0,Vegetarian,https://cdn2.nutrabay.com/uploads/product/images/featured_image-NB-RAS-1012-PA-1765184415-400x400.webp,https://cdn2.nutrabay.com/images/Logo.png,,https://nutrabay.com/product/rasayanam-multivitamin-for-women
Multivitamins,BPI Sports Multivitamin with Vital Nutrients,BPI Sports,20 g,,749,309,42%,,,5.0,0,Vegetarian,https://cdn.nutrabay.com/wp-content/uploads/2021/08/NB-BPI-1021-01-01-340x340.jpg,https://cdn2.nutrabay.com/images/Logo.png,,https://nutrabay.com/product/bpi-sports-multivitamin-with-vital-nutrients
Multivitamins,Vlado's Himalayan Organics Liposomal Multivitamin Adult 50+ with 75+ Ingredients,,20 g,,498,309,42%,,,4.7,0,Vegetarian,https://cdn2.nutrabay.com/uploads/product/images/featured_image-NB-HLO-1012-PA-1778062513-400x400.webp,https://cdn2.nutrabay.com/images/Logo.png,,https://nutrabay.com/product/himalayan-organics-whole-food-multivitamin-for-men-with-natural-vitamins-minerals-extracts
Multivitamins,HealthAid Kidz Omega,,200 ml,,1133,309,42%,,,4.7,0,Vegetarian,https://cdn2.nutrabay.com/uploads/product/featured_image/product-2968-featured_image-HealthAid_Kidz_Omega.jpg,https://cdn2.nutrabay.com/images/Logo.png,,https://nutrabay.com/product/healthaid-kidzomega
Multivitamins,"Wellman Multivitamin Tablets For Men, Gluten Free",,20 g,,329,309,42%,,,5.0,0,Vegetarian,https://cdn2.nutrabay.com/uploads/product/featured_image/product-3518-featured_image-Wellman_Multivitamin_Tablets_For_Men_Gluten_Free.jpg,https://cdn2.nutrabay.com/images/Logo.png,,https://nutrabay.com/product/wellman-multivitamin-tablets-for-men-gluten-free
Multivitamins,Dr. Morepen Multivitamin Women,,20 g,,456,329,24%,,,5.0,0,Vegetarian,https://cdn2.nutrabay.com/uploads/product/images/featured_image-NB-DRP-1039-PA-1762164920-400x400.webp,https://cdn2.nutrabay.com/images/Logo.png,,https://nutrabay.com/product/dr-morepen-multivitamin-women
Multivitamins,Wellman 50+ Multivitamin Tablets For Men Over Age 50 Years,,20 g,,309,309,42%,,,4.7,0,Vegetarian,https://cdn.nutrabay.com/wp-content/uploads/2023/11/NB-WLM-1000-01-01-340x340.jpg,https://cdn2.nutrabay.com/images/Logo.png,,https://nutrabay.com/product/wellman-50-multivitamin-tablets-for-men-over-age-50-years
Multivitamins,"Neuherbs Multivitamin - True Vitamin | Boost Energy, Stamina & Overall Health",Neuherbs,20 g,,399,309,42%,,,4.5,0,Vegetarian,https://cdn2.nutrabay.com/uploads/product/images/featured_image-NB-NEH-1001-PA-1770897017-400x400.webp,https://cdn2.nutrabay.com/images/Logo.png,,https://nutrabay.com/product/neuherbs-true-vitamin-with-iodine
Multivitamins,GNC Women's One Daily Multivitamin,GNC,20 g,,849,329,24%,,,4.8,0,Vegetarian,https://cdn.nutrabay.com/wp-content/uploads/2020/06/NB-GNC-1012-01-01-340x340.jpg,https://cdn2.nutrabay.com/images/Logo.png,,https://nutrabay.com/product/gnc-womens-ultra-mega-one-daily-caplets
Multivitamins,Dr. Morepen Multivitamin Tablet - Men,,20 g,,454,309,42%,,,4.3,0,Vegetarian,https://cdn2.nutrabay.com/uploads/product/images/featured_image-NB-DRP-1027-PA-1762164916-400x400.webp,https://cdn2.nutrabay.com/images/Logo.png,,https://nutrabay.com/product/dr-morepen-multivitamin-tablet-men
Multivitamins,Wellwoman 50+ Multivitamins For Women Over Age 50 Years,,20 g,,485,329,24%,,,4.8,0,Vegetarian,https://cdn.nutrabay.com/wp-content/uploads/2023/11/NB-WWM-1000-01-01-340x340.jpg,https://cdn2.nutrabay.com/images/Logo.png,,https://nutrabay.com/product/wellwoman-50-multivitamins-for-women-over-age-50-years
Multivitamins,Miduty Multivitamin One Per Day,,20 g,,746,309,42%,,,4.7,0,Vegetarian,https://cdn2.nutrabay.com/uploads/product/images/featured_image-NB-MDY-1008-PA-1767102318-400x400.webp,https://cdn2.nutrabay.com/images/Logo.png,,https://nutrabay.com/product/miduty-multivitamin-one-per-day
Multivitamins,Wellwoman 70+ Multivitamins For Women Over Age 70 Years,,20 g,,385,329,24%,,,4.8,0,Vegetarian,https://cdn.nutrabay.com/wp-content/uploads/2023/11/NB-WWM-1001-01-01-340x340.jpg,https://cdn2.nutrabay.com/images/Logo.png,,https://nutrabay.com/product/wellwoman-70-multivitamins-for-women-over-age-70-years
Multivitamins,Vlado’s Himalayan Organics Multivitamin with Probiotics 45 Ingredients,,20 g,,344,309,42%,,,5.0,0,Vegetarian,https://cdn2.nutrabay.com/uploads/product/featured_image/product-220-featured_image-Vlado’s_Himalayan_Organics_Multivitamin_with_Probiotics_45_Ingredients.jpg,https://cdn2.nutrabay.com/images/Logo.png,,https://nutrabay.com/product/himalayan-organics-multivitamin-with-probiotics-45-ingredients-for-men-women-with-vitamin-c-d-e-b3-b12-zinc-giloy-biotin
Multivitamins,Vlado's Himalayan Organics Multivitamin with Probiotics | 100+ Ingredients,,20 g,,678,309,42%,,,5.0,0,Vegetarian,https://cdn2.nutrabay.com/uploads/product/images/featured_image-NB-HLO-1001-PA-1778065812-400x400.webp,https://cdn2.nutrabay.com/images/Logo.png,,https://nutrabay.com/product/himalayan-organics-multivitamin-with-40-ingredients-probiotics
Multivitamins,Vlado’s Himalayan Organics Plant Based Copper 1700mcg with Green Tea Extract,,20 g,,797,309,42%,,,4.7,0,Vegetarian,https://cdn2.nutrabay.com/uploads/product/featured_image/product-4069-featured_image-Vlado’s_Himalayan_Organics_Plant_Based_Copper_1700mcg_with_Green_Tea_Extract.jpg,https://cdn2.nutrabay.com/images/Logo.png,,https://nutrabay.com/product/himalayan-organics-plant-based-copper-1700mcg-with-green-tea-extract
Multivitamins,International Protein Daily MultiVitamin,,20 g,,1020,309,42%,,,4.7,0,Vegetarian,https://cdn2.nutrabay.com/uploads/product/featured_image/product-3816-featured_image-International_Protein_Daily_MultiVitamin.jpg,https://cdn2.nutrabay.com/images/Logo.png,,https://nutrabay.com/product/international-protein-daily-multivitamin
Multivitamins,HealthyHey Nutrition MultiVitamin for Women,,20 g,,786,329,24%,,,4.8,0,Vegetarian,https://cdn.nutrabay.com/wp-content/uploads/2023/09/NB-HHH-1071-01-01-340x340.jpg,https://cdn2.nutrabay.com/images/Logo.png,,https://nutrabay.com/product/healthyhey-multivitamin-for-women
Multivitamins,Allmax Multivitamin Vitaform for Women,AllMax,20 g,,699,329,24%,,,4.8,0,Vegetarian,https://cdn2.nutrabay.com/uploads/product/images/featured_image-NB-ALL-1010-PA-1773128122-400x400.webp,https://cdn2.nutrabay.com/images/Logo.png,,https://nutrabay.com/product/allmax-multivitamin-vitaform-for-women
Multivitamins,"Vlado's Himalayan Organics - Organic Multivitamins With Vitamin C, Niacin, Iron, Zinc",,200 g,,879,309,42%,,,4.7,0,Vegetarian,https://cdn2.nutrabay.com/page_manager/1-1757918878.jpg,https://cdn2.nutrabay.com/images/Logo.png,,https://nutrabay.com/product/vlados-himalayan-organics-organic-multivitamins-with-vitamin-c-niacin-iron-zinc
Multivitamins,Steadfast Nutrition Mega Pack Multivitamin,,20 g,,1081,309,42%,,,4.7,0,Vegetarian,https://cdn2.nutrabay.com/uploads/product/images/featured_image-NB-SDF-1022-PA-1756981513-400x400.webp,https://cdn2.nutrabay.com/images/Logo.png,,https://nutrabay.com/product/steadfast-nutrition-mega-pack-multivitamin
Multivitamins,Steadfast Nutrition Multivitamin Wellness Multimineral,,20 g,,489,309,42%,,,4.7,0,Vegetarian,https://cdn2.nutrabay.com/uploads/product/featured_image/product-4386-featured_image-Steadfast_Nutrition_Multivitamin_Wellness_Multimineral.jpeg,https://cdn2.nutrabay.com/images/Logo.png,,https://nutrabay.com/product/steadfast-nutrition-multivitamin-wellness-multimineral
Multivitamins,Neuherbs True Multivitamin Women With Vitamins & Minerals For Daily Wellness,Neuherbs,20 g,,349,329,24%,,,4.8,0,Vegetarian,https://cdn2.nutrabay.com/uploads/product/featured_image/product-4042-featured_image-Neuherbs_True_Vitamin_Women_with_Energy_Blend.jpg,https://cdn2.nutrabay.com/images/Logo.png,,https://nutrabay.com/product/neuherbs-true-vitamin-women-with-energy-blend
Multivitamins,Vlado’s Himalayan Organics Plant Based Multivitamin 45+ Women,,20 g,,646,329,24%,,,4.8,0,Vegetarian,https://cdn2.nutrabay.com/uploads/product/featured_image/product-3966-featured_image-Vlado’s_Himalayan_Organics_Plant_Based_Multivitamin_Women_45.jpg,https://cdn2.nutrabay.com/images/Logo.png,,https://nutrabay.com/product/himalayan-organics-plant-based-multivitamin-women-45
Multivitamins,"Kaged Muscle Whole Foods Multivitamin with Vitamin C, Vitamin D, Vitamin E, Vitamin B12",,20 g,,3968,309,42%,,,5.0,0,Vegetarian,https://cdn.nutrabay.com/wp-content/uploads/2023/12/NB-KAG-1012-01-01-340x340.jpg,https://cdn2.nutrabay.com/images/Logo.png,,https://nutrabay.com/product/kaged-muscle-whole-foods-multivitamin-with-vitamin-c-vitamin-d-vitamin-e-vitamin-b12
Multivitamins,Vlado’s Himalayan Organics Plant Based Eye Care Supplement -Lutemax 2020,,20 g,,829,309,42%,,,5.0,0,Vegetarian,https://cdn2.nutrabay.com/uploads/product/featured_image/product-1127-featured_image-Vlado’s_Himalayan_Organics_Plant_Based_Eye_Care_Supplement_Lutemax_2020.jpg,https://cdn2.nutrabay.com/images/Logo.png,,https://nutrabay.com/product/himalayan-organics-plant-based-eye-care-supplement-improve-vision-blue-light-digital-guard-lutemax-2020-orange-extract-carrot-extract
Magnesium,Naturaltein ZMA Zinc Magnesium Vitamin B6,Naturaltein,200 g,,349,539,35%,,,4.1,0,Vegetarian,https://cdn2.nutrabay.com/uploads/product/images/featured_image-NB-NTR-1008-PA-1773381017-400x400.webp,https://cdn2.nutrabay.com/images/Logo.png,,https://nutrabay.com/product/naturaltein-zinc-magnesium-with-tea-extract
Magnesium,Naturaltein Ultra Pure Magnesium Bisglycinate 1200mg,Naturaltein,20 g,,429,309,42%,,,4.7,0,Vegetarian,https://cdn2.nutrabay.com/uploads/product/images/featured_image-NB-NTR-1031-PA-1775122225-400x400.webp,https://cdn2.nutrabay.com/images/Logo.png,,https://nutrabay.com/product/naturaltein-magnesium-glycinate-1100mg
Magnesium,HealthAid Magnesium Glycinate with Zinc,,20 g,,664,549,36%,,,5.0,0,Vegetarian,https://cdn2.nutrabay.com/uploads/product/featured_image/product-3742-featured_image-HealthAid_Magnesium_Glycinate_with_Zinc.jpg,https://cdn2.nutrabay.com/images/Logo.png,,https://nutrabay.com/product/healthaid-magnesium-glycinate-with-zinc
Magnesium,HealthAid Magnesium Orotate 500mg,,20 g,,1199,309,42%,,,5.0,0,Vegetarian,https://cdn2.nutrabay.com/uploads/product/images/featured_image-NB-HEA-1081-PA1-400x400.webp,https://cdn2.nutrabay.com/images/Logo.png,,https://nutrabay.com/product/healthaid-magnesium-orotate-500mg
Magnesium,"HealthyHey Nutrition High Absorption Magnesium Glycinate, 550mg",,20 g,,349,549,36%,,,5.0,0,Vegetarian,https://cdn2.nutrabay.com/uploads/product/featured_image/product-395-featured_image-HealthyHey_Nutrition_High_Absorption_Magnesium_Glycinate_550mg.jpg,https://cdn2.nutrabay.com/images/Logo.png,,https://nutrabay.com/product/healthyhey-nutrition-high-absorption-magnesium-glycinate-550mg
Magnesium,"Neuherbs True Magnesium Glycinate 1600mg With Antioxidants, Zinc & Vitamin C",Neuherbs,20 g,,399,549,27%,,,5.0,0,Vegetarian,https://cdn2.nutrabay.com/uploads/product/images/featured_image-NB-NEH-1026-PA-1770897016-400x400.webp,https://cdn2.nutrabay.com/images/Logo.png,,https://nutrabay.com/product/neuherbs-true-magnesium-better-absorption
Magnesium,Decode Age Mag7™ Seven Magnesium Complex,Decode Age,20 g,,1199,549,36%,,,4.5,0,Vegetarian,https://cdn2.nutrabay.com/uploads/product/images/featured_image-NB-DCA-1018-PA-400x400.webp,https://cdn2.nutrabay.com/images/Logo.png,,https://nutrabay.com/product/decode-age-mag7tm-seven-magnesium-complex
Magnesium,GreenOpia Magnesium Glycinate 2000mg,,20 g,,649,549,36%,,,4.5,0,Vegetarian,https://cdn2.nutrabay.com/uploads/product/images/featured_image-NB-GOP-1002-PA-1760599220-400x400.webp,https://cdn2.nutrabay.com/images/Logo.png,,https://nutrabay.com/product/greenopia-magnesium-glycinate-2000mg
Magnesium,HealthyHey Nutrition Magnesium Citrate - 1000 mg,,20 g,,786,549,36%,,,4.5,0,Vegetarian,https://cdn2.nutrabay.com/uploads/product/featured_image/product-394-featured_image-HealthyHey_Nutrition_Magnesium_Citrate___1000_mg.jpg,https://cdn2.nutrabay.com/images/Logo.png,,https://nutrabay.com/product/healthyhey-nutrition-magnesium-citrate-1000-mg
Magnesium,Miduty Magnesium Relax,,20 g,,839,309,42%,,,4.7,0,Vegetarian,https://cdn2.nutrabay.com/uploads/product/images/featured_image-NB-MDY-1006-PA-1767101719-400x400.webp,https://cdn2.nutrabay.com/images/Logo.png,,https://nutrabay.com/product/miduty-magnesium-relax
Magnesium,Ace Blend Max Magnesium 440mg,Ace Blend,20 g,,741,549,36%,,,4.5,0,Vegetarian,https://cdn2.nutrabay.com/uploads/product/images/featured_image-NB-ACB-1005-PA-1763018118-400x400.webp,https://cdn2.nutrabay.com/images/Logo.png,,https://nutrabay.com/product/ace-blend-max-magnesium-440mg
Magnesium,Vlado's Himalayan Organics Chelated Magnesium Citrate 1000mg,,20 g,,994,309,42%,,,4.7,0,Vegetarian,https://cdn2.nutrabay.com/uploads/product/images/featured_image-NB-HLO-1200-PA-1777296919-400x400.webp,https://cdn2.nutrabay.com/images/Logo.png,,https://nutrabay.com/product/vlados-himalayan-organics-chelated-magnesium-citrate-1000mg
Single Vitamins,Naturaltein Vitamin B12 + Folic Acid,Naturaltein,20 g,,529,309,42%,,,4.7,0,Vegetarian,https://cdn2.nutrabay.com/uploads/product/images/featured_image-NB-NTR-1021-PA-1770878722-400x400.webp,https://cdn2.nutrabay.com/images/Logo.png,,https://nutrabay.com/product/naturaltein-vitamin-b12-folic-acid
Single Vitamins,Rasayanam Vitamin D3 + K2 (MK-7),,20 g,,519,309,42%,,,4.7,0,Vegetarian,https://cdn2.nutrabay.com/uploads/product/images/featured_image-NB-RAS-1009-PA-1755753614-400x400.webp,https://cdn2.nutrabay.com/images/Logo.png,,https://nutrabay.com/product/rasayanam-vitamin-d3-k2-mk-7
Single Vitamins,Vlado's Himalayan Organics Vitamin D3 with K2 as MK7 Supplement,,20 g,,499,309,42%,,,4.5,0,Vegetarian,https://cdn2.nutrabay.com/uploads/product/featured_image/product-1176-featured_image-Vlado’s_Himalayan_Organics_Vitamin_D3_with_K2_as_MK7_Supplement.jpg,https://cdn2.nutrabay.com/images/Logo.png,,https://nutrabay.com/product/himalayan-organics-vitamin-d3-with-k2-as-mk7-supplement
Single Vitamins,Naturaltein Vitamin D3+K2,Naturaltein,20 g,,369,309,42%,,,4.5,0,Vegetarian,https://cdn2.nutrabay.com/uploads/product/images/featured_image-NB-NTR-1007-PA-1778074227-400x400.webp,https://cdn2.nutrabay.com/images/Logo.png,,https://nutrabay.com/product/naturaltein-vitamin-d3k2
Single Vitamins,Rasayanam Plant Based Vitamin B12,,20 g,,499,309,42%,,,5.0,0,Vegetarian,https://cdn2.nutrabay.com/uploads/product/images/featured_image-NB-RAS-1000-PA-1758870616-400x400.webp,https://cdn2.nutrabay.com/images/Logo.png,,https://nutrabay.com/product/rasayanam-plant-based-vitamin-b12
Single Vitamins,Vlado’s Himalayan Organics Methyl cobalamin Vitamin B12 1500mcg Supplement support Brain,,20 g,,397,309,42%,,,4.7,0,Vegetarian,https://cdn2.nutrabay.com/uploads/product/images/featured_image-NB-HLO-1108-PA-400x400.webp,https://cdn2.nutrabay.com/images/Logo.png,,https://nutrabay.com/product/himalayan-organics-methyl-cobalamin-vitamin-b12-1500mcg-supplement-support-brain
Single Vitamins,Vlado's Himalayan Organics Vitamin D3 Oral Solution 60000 I.U.,,20 g,,379,309,42%,,,4.7,0,Vegetarian,https://cdn2.nutrabay.com/products/1-1754292499.jpg,https://cdn2.nutrabay.com/images/Logo.png,,https://nutrabay.com/product/vlados-himalayan-organics-vitamin-d3-oral-solution-60000-iu
Single Vitamins,Vlado's Himalayan Organics Methylcobalamin Vitamin B12 500 mcg,,20 g,,248,309,20%,,,5.0,0,Vegetarian,https://cdn2.nutrabay.com/uploads/product/images/featured_image-NB-HLO-1167-PA-399x400.webp,https://cdn2.nutrabay.com/images/Logo.png,,https://nutrabay.com/product/vlados-himalayan-organics-methylcobalamin-500-mcg-vitamin-b12
Single Vitamins,Miduty Methyl B12 & Folate,,20 g,,746,309,42%,,,4.7,0,Vegetarian,https://cdn2.nutrabay.com/uploads/product/images/featured_image-NB-MDY-1013-PA-1767102321-400x400.webp,https://cdn2.nutrabay.com/images/Logo.png,,https://nutrabay.com/product/miduty-methyl-b12-folate
Single Vitamins,Vlado's Himalayan Organics Vitamin B12 Methylcobalamin 1500 mcg,,20 g,,284,309,8%,,,4.7,0,Vegetarian,https://cdn2.nutrabay.com/uploads/product/images/featured_image-NB-HLO-1168-PA-399x400.webp,https://cdn2.nutrabay.com/images/Logo.png,,https://nutrabay.com/product/vlados-himalayan-organics-vitamin-b12-methylcobalamin-1500-mcg
Single Vitamins,Vlado’s Himalayan Organics Natural Vitamin B12,,20 g,,348,309,42%,,,5.0,0,Vegetarian,https://cdn2.nutrabay.com/uploads/product/featured_image/product-1174-featured_image-Vlado’s_Himalayan_Organics_Plant_Based_Vitamin_B12_Natural.jpg,https://cdn2.nutrabay.com/images/Logo.png,,https://nutrabay.com/product/himalayan-organics-plant-based-vitamin-b12-natural
Single Vitamins,Miduty Liposomal Vitamin C,,20 g,,599,309,42%,,,4.7,0,Vegetarian,https://cdn2.nutrabay.com/uploads/product/images/featured_image-NB-MDY-1003-PA-1767101717-400x400.webp,https://cdn2.nutrabay.com/images/Logo.png,,https://nutrabay.com/product/miduty-liposomal-vitamin-c
Single Vitamins,GreenOpia Vitamin D3 600 IU with K2,,20 g,,499,309,42%,,,4.7,0,Vegetarian,https://cdn2.nutrabay.com/uploads/product/images/featured_image-NB-GOP-1012-PA-1760599519-400x400.webp,https://cdn2.nutrabay.com/images/Logo.png,,https://nutrabay.com/product/greenopia-vitamin-d3-600-iu-with-k2
Single Vitamins,Vlado's Himalayan Organics Vitamin D3 10000IU Cholecalciferol,,20 g,,395,309,42%,,,4.7,0,Vegetarian,https://cdn2.nutrabay.com/uploads/product/images/featured_image-NB-HLO-1192-PA-1765285511-400x400.webp,https://cdn2.nutrabay.com/images/Logo.png,,https://nutrabay.com/product/vlados-himalayan-organics-vitamin-d3-10000iu-cholecalciferol
Single Vitamins,Vlado's Himalayan Organics Cholecalciferol 60000 IU Vitamin D3,,20 g,,379,309,42%,,,4.7,0,Vegetarian,https://cdn2.nutrabay.com/uploads/product/images/featured_image-NB-HLO-1193-PA-1765285513-400x400.webp,https://cdn2.nutrabay.com/images/Logo.png,,https://nutrabay.com/product/vlados-himalayan-organics-cholecalciferol-60000-iu-vitamin-d3
Single Vitamins,Vlado’s Himalayan Organics Plant Based Vitamin C with Zinc,,20 g,,759,309,42%,,,4.7,0,Vegetarian,https://cdn2.nutrabay.com/uploads/product/featured_image/product-1161-featured_image-Vlado’s_Himalayan_Organics_Plant_Based_Vitamin_C_with_Zinc.jpg,https://cdn2.nutrabay.com/images/Logo.png,,https://nutrabay.com/product/himalayan-organics-plant-based-vitamin-c-with-zinc
Single Vitamins,Fast&Up Charge with Natural Vitamin C and Zinc for Immunity,Fast&Up,20 g,,338,309,42%,,,4.7,0,Vegetarian,https://cdn2.nutrabay.com/uploads/product/featured_image/product-1744-featured_image-FastUp_Charge_with_Natural_Vitamin_C_and_Zinc_for_Immunity.jpg,https://cdn2.nutrabay.com/images/Logo.png,,https://nutrabay.com/product/fastup-charge-with-natural-vitamin-c-and-zinc-for-immunity-tube-of-20
Single Vitamins,Vlado’s Himalayan Organics B- Complex Supplement - Support Cognitive Health,,20 g,,495,309,42%,,,4.7,0,Vegetarian,https://cdn2.nutrabay.com/uploads/product/featured_image/product-1123-featured_image-Vlado’s_Himalayan_Organics_B_Complex_Supplement__Support_Cognitive_Health.jpg,https://cdn2.nutrabay.com/images/Logo.png,,https://nutrabay.com/product/himalayan-organics-b-complex-supplement-support-cognitive-health
Single Vitamins,Vlado's Himalayan Organics Liposomal Vitamin C 1000mg+,,20 g,,599,309,42%,,,5.0,0,Vegetarian,https://cdn2.nutrabay.com/uploads/product/images/featured_image-NB-HLO-1002-PA-1771410616-400x400.webp,https://cdn2.nutrabay.com/images/Logo.png,,https://nutrabay.com/product/himalayan-organics-vitamin-c-1000mg-tablets-from-natural-fruits-immunity-antioxidant-skin-care
Single Vitamins,Miduty Vitamin ADK Vitamin D3+K2+K1+A,,20 g,,839,309,42%,,,4.7,0,Vegetarian,https://cdn2.nutrabay.com/uploads/product/images/featured_image-NB-MDY-1012-PA-1767102320-400x400.webp,https://cdn2.nutrabay.com/images/Logo.png,,https://nutrabay.com/product/miduty-vitamin-adk-vitamin-d3k2k1a
Single Vitamins,Miduty ADK Vitamin D3+K2+A,,20 g,,1439,309,42%,,,4.7,0,Vegetarian,https://cdn2.nutrabay.com/uploads/product/images/featured_image-NB-MDY-1011-PA-1767102320-400x400.webp,https://cdn2.nutrabay.com/images/Logo.png,,https://nutrabay.com/product/miduty-adk-vitamin-d3k2a
Single Vitamins,Steadfast Nutrition Aloe Vera Wellness AloeVera Extract With Vitamin E,,20 g,,374,309,42%,,,4.7,0,Vegetarian,https://cdn2.nutrabay.com/uploads/product/featured_image/product-4382-featured_image-Steadfast_Nutrition_Aloe_Vera_Wellness_AloeVera_Extract_With_Vitamin_E.jpeg,https://cdn2.nutrabay.com/images/Logo.png,,https://nutrabay.com/product/steadfast-nutrition-aloe-vera-wellness-aloevera-extract-with-vitamin-e
Single Vitamins,HealthyHey Nutrition Vitamin B1 Thiamine Mononitrate 1700mcg,,20 g,,609,309,42%,,,4.7,0,Vegetarian,https://cdn2.nutrabay.com/uploads/product/featured_image/product-4201-featured_image-HealthyHey_Nutrition_Vitamin_B1_Thiamine_Mononitrate_1700mcg.jpg,https://cdn2.nutrabay.com/images/Logo.png,,https://nutrabay.com/product/healthyhey-nutrition-vitamin-b1-thiamine-mononitrate-1700mcg
Single Vitamins,HealthAid Tang Forte (Royal Jelly 1000mg),,20 g,,1299,309,42%,,,4.7,0,Vegetarian,https://cdn.nutrabay.com/wp-content/uploads/2017/03/5019781010455-1-340x340.jpg,https://cdn2.nutrabay.com/images/Logo.png,,https://nutrabay.com/product/healthaid-tang-forte-royal-jelly-1000mg
Single Vitamins,Vlado's Himalayan Organics Vitamin B12 1500mcg Methylcobalamin,,20 g,,194,309,37%,,,4.7,0,Vegetarian,https://cdn2.nutrabay.com/uploads/product/images/featured_image-NB-HLO-1207-PA-1777356915-400x400.webp,https://cdn2.nutrabay.com/images/Logo.png,,https://nutrabay.com/product/vlados-himalayan-organics-vitamin-b12-1500mcg-methylcobalamin
Single Vitamins,Vlado's Himalayan Organics Chewable Vitamin D3 5000IU,,20 g,,994,309,42%,,,4.7,0,Vegetarian,https://cdn2.nutrabay.com/uploads/product/images/featured_image-NB-HLO-1204-PA-1777353317-400x400.webp,https://cdn2.nutrabay.com/images/Logo.png,,https://nutrabay.com/product/vlados-himalayan-organics-chewable-vitamin-d3-5000iu
Single Vitamins,Vlado's Himalayan Organics Chewable Vitamin D3 2000IU,,20 g,,974,309,42%,,,4.7,0,Vegetarian,https://cdn2.nutrabay.com/uploads/product/images/featured_image-NB-HLO-1203-PA-1777297823-400x400.webp,https://cdn2.nutrabay.com/images/Logo.png,,https://nutrabay.com/product/vlados-himalayan-organics-chewable-vitamin-d3-2000iu
Single Vitamins,Vlado's Himalayan Organics Methylcobalamin 1500mcg Vitamin B12,,20 g,,996,309,42%,,,4.7,0,Vegetarian,https://cdn2.nutrabay.com/uploads/product/images/featured_image-NB-HLO-1202-PA-1777297822-400x400.webp,https://cdn2.nutrabay.com/images/Logo.png,,https://nutrabay.com/product/vlados-himalayan-organics-methylcobalamin-1500mcg-vitamin-b12
Single Vitamins,Vlado's Himalayan Organics Methylcobalamin+ Vitamin D3+ Folic Acid+ ALA+,,20 g,,994,309,42%,,,4.7,0,Vegetarian,https://cdn2.nutrabay.com/uploads/product/images/featured_image-NB-HLO-1201-PA-1777296920-400x400.webp,https://cdn2.nutrabay.com/images/Logo.png,,https://nutrabay.com/product/vlados-himalayan-organics-methylcobalamin-vitamin-d3-folic-acid-ala
Shilajit,Kapiva Shilajit Gold Resin,,20 g,,1199,1199,58%,,,4.5,0,Vegetarian,https://cdn.nutrabay.com/wp-content/uploads/2023/11/NB-KPV-1005-01-02-340x340.jpg,https://cdn2.nutrabay.com/images/Logo.png,,https://nutrabay.com/product/kapiva-shilajit-gold-resin
Shilajit,Kapiva Shilajit Gold,,20 g,,599,1199,50%,,,4.2,0,Vegetarian,https://cdn.nutrabay.com/wp-content/uploads/2023/11/NB-KPV-1003-01-01-340x340.jpg,https://cdn2.nutrabay.com/images/Logo.png,,https://nutrabay.com/product/kapiva-shilajit-gold
Shilajit,"Dr. Morepen Shilajit Capsules For Strength, Stamina & Vigor",,20 g,,352,1199,71%,,,5.0,0,Vegetarian,https://cdn.nutrabay.com/wp-content/uploads/2023/07/NB-DRP-1022-01-01-340x340.jpg,https://cdn2.nutrabay.com/images/Logo.png,,https://nutrabay.com/product/dr-morepen-shilajit-capsules-for-strength-stamina-vigor
Shilajit,Upakarma Ayurveda Pure Shilajit,,10 g,,449,1199,63%,,,4.4,0,Vegetarian,https://cdn2.nutrabay.com/uploads/product/images/featured_image-NB-UKA-1002-PA-400x400.webp,https://cdn2.nutrabay.com/images/Logo.png,,https://nutrabay.com/product/upakarma-ayurveda-pure-shilajit
Shilajit,Auric High Altitude Shilajit Resin,,30 g,,499,1199,58%,,,5.0,0,Vegetarian,https://cdn2.nutrabay.com/uploads/product/images/featured_image-NB-ARC-1001-PA-400x400.webp,https://cdn2.nutrabay.com/images/Logo.png,,https://nutrabay.com/product/auric-high-altitude-shilajit-resin
Shilajit,Dr. Morepen Shilajit Gummies,,20 g,,594,1199,50%,,,4.7,0,Vegetarian,https://cdn2.nutrabay.com/uploads/product/images/featured_image-NB-DRP-1053-PA-1772687117-400x400.webp,https://cdn2.nutrabay.com/images/Logo.png,,https://nutrabay.com/product/dr-morepen-shilajit-gummies
Shilajit,Ace Blend Trublk Shilajit Sticks,Ace Blend,20 g,,999,1199,17%,,,4.7,0,Vegetarian,https://cdn2.nutrabay.com/uploads/product/images/featured_image-NB-ACB-1006-PA-1763018119-400x400.webp,https://cdn2.nutrabay.com/images/Logo.png,,https://nutrabay.com/product/ace-blend-trublk-shilajit-sticks
Shilajit,Kapiva Himalayan Shilajit Resin,,20 g,,969,1199,19%,,,4.6,0,Vegetarian,https://cdn2.nutrabay.com/uploads/product/featured_image/product-3528-featured_image-Kapiva_Himalayan_Shilajit_Resin.jpg,https://cdn2.nutrabay.com/images/Logo.png,,https://nutrabay.com/product/kapiva-himalayan-shilajit-resin
Shilajit,Upakarma Ayurveda Pure Shilajit Resin Form with Safed Musli,,20 g,,849,1199,29%,,,5.0,0,Vegetarian,https://cdn2.nutrabay.com/uploads/product/images/featured_image-NB-UKA-1005-PA-400x400.webp,https://cdn2.nutrabay.com/images/Logo.png,,https://nutrabay.com/product/upakarma-ayurveda-pure-shilajit-resin-form-with-safed-musli
Shilajit,"Neuherbs Shilajit/Shilajeet Gold Ultra | Boost Energy, Strength & Stamina",Neuherbs,20 g,,699,1199,42%,,,4.7,0,Vegetarian,https://cdn2.nutrabay.com/uploads/product/featured_image/product-3744-featured_image-Neuherbs_Shilajit_Gold_Ultra.jpg,https://cdn2.nutrabay.com/images/Logo.png,,https://nutrabay.com/product/neuherbs-shilajit-gold-ultra
Shilajit,Upakarma Ayurveda Pure Shilajit Resin Form with Ashwagandha,,20 g,,849,1199,29%,,,5.0,0,Vegetarian,https://cdn2.nutrabay.com/uploads/product/images/featured_image-NB-UKA-1003-PA-400x400.webp,https://cdn2.nutrabay.com/images/Logo.png,,https://nutrabay.com/product/upkarma-ayurveda-pure-shilajit-resin-form
Shilajit,Neuherbs Pure Himalayan Shilajit/Shilajeet Resin With 75% Fulvic Acid,Neuherbs,20 g,,699,1199,42%,,,4.5,0,Vegetarian,https://cdn2.nutrabay.com/uploads/product/images/featured_image-NB-NEH-1017-PA-1769174715-400x400.webp,https://cdn2.nutrabay.com/images/Logo.png,,https://nutrabay.com/product/neuherbs-pure-original-himalayan-shilajit-shilajeet
Shilajit,Auric High Altitude Shilajit Gold,,20 g,,499,1199,58%,,,4.7,0,Vegetarian,https://cdn2.nutrabay.com/uploads/product/images/featured_image-NB-ARC-1002-PA-400x400.webp,https://cdn2.nutrabay.com/images/Logo.png,,https://nutrabay.com/product/auric-high-altitude-shilajit-gold
Shilajit,Dr. Morepen Natural & Pure Shilajit,,15 g,,675,1199,44%,,,4.7,0,Vegetarian,https://cdn2.nutrabay.com/uploads/product/images/featured_image-NB-DRP-1038-PA-1762164918-400x400.webp,https://cdn2.nutrabay.com/images/Logo.png,,https://nutrabay.com/product/dr-morepen-natural-pure-shilajit
Shilajit,Vlado's Himalayan Organics Shilajit Gold Resin,,25 g,,599,1199,50%,,,4.5,0,Vegetarian,https://cdn2.nutrabay.com/uploads/product/images/featured_image-NB-HLO-1138-PA-400x400.webp,https://cdn2.nutrabay.com/images/Logo.png,,https://nutrabay.com/product/himalayan-organics-shilajit-gold-resin
Collagen,Isopure Collagen Peptides,Isopure,250 g,,1749,1269,48%,,,4.7,0,Vegetarian,https://cdn2.nutrabay.com/uploads/product/featured_image/product-4040-featured_image-Isopure_Collagen_Peptides.jpg,https://cdn2.nutrabay.com/images/Logo.png,,https://nutrabay.com/product/isopure-collagen-peptides
Collagen,Naturaltein Pure Marine Collagen,Naturaltein,300 g,,1099,879,26%,,,4.7,0,Vegetarian,https://cdn2.nutrabay.com/uploads/product/featured_image/product-3978-featured_image-Naturaltein_Pure_Marine_Collagen.jpg,https://cdn2.nutrabay.com/images/Logo.png,,https://nutrabay.com/product/naturaltein-pure-marine-collagen
Collagen,TruNativ Advanced Collagen Peptides,,60 g,,449,879,49%,,,5.0,0,Vegetarian,https://cdn2.nutrabay.com/uploads/product/images/featured_image-NB-TNV-1012-PA-1753792223-400x400.webp,https://cdn2.nutrabay.com/images/Logo.png,,https://nutrabay.com/product/trunativ-advanced-collagen-peptides
Collagen,Labrada Collagen Peptides,,300 g,,1849,879,26%,,,4.9,0,Vegetarian,https://cdn2.nutrabay.com/uploads/product/featured_image/product-1568-featured_image-Labrada_Collagen_Peptides.jpg,https://cdn2.nutrabay.com/images/Logo.png,,https://nutrabay.com/product/labrada-collagen-peptides
Collagen,Inja Wellness PRO Marine Collagen Supplement,,300 g,,3400,1269,48%,,,5.0,0,Vegetarian,https://cdn2.nutrabay.com/uploads/product/featured_image/product-3866-featured_image-INJA_Wellness_PRO_Marine_Collagen_Supplement.jpg,https://cdn2.nutrabay.com/images/Logo.png,,https://nutrabay.com/product/inja-wellness-pro-marine-collagen-supplement
Collagen,Inja Wellness Prime Marine Collagen Supplement,,125 g,,760,879,14%,,,4.9,0,Vegetarian,https://cdn2.nutrabay.com/uploads/product/featured_image/product-3869-featured_image-INJA_Wellness_Prime_Marine_Collagen_Supplement.jpg,https://cdn2.nutrabay.com/images/Logo.png,,https://nutrabay.com/product/inja-wellness-prime-marine-collagen-supplement
Collagen,HealthAid Hair-Vit,,200 g,,1449,1269,48%,,,4.8,0,Vegetarian,https://cdn2.nutrabay.com/uploads/product/featured_image/product-2934-featured_image-HealthAid_HairVit.jpg,https://cdn2.nutrabay.com/images/Logo.png,,https://nutrabay.com/product/healthaid-hair-vit
Collagen,Miduty Marine Collagen 4X,,210 g,,1960,879,26%,,,4.9,0,Vegetarian,https://cdn2.nutrabay.com/uploads/product/images/featured_image-NB-MDY-1007-PA-1767102316-400x400.webp,https://cdn2.nutrabay.com/images/Logo.png,,https://nutrabay.com/product/miduty-marine-collagen-4x
Collagen,Vlado's Himalayan Organics Vegan Collagen,,100 g,,692,879,21%,,,4.9,0,Vegetarian,https://cdn2.nutrabay.com/products/1-42-1754292469.jpg,https://cdn2.nutrabay.com/images/Logo.png,,https://nutrabay.com/product/vlados-himalayan-organics-vegan-collagen
Collagen,Vlado’s Himalayan Organics Vegan Collagen 2000Mg,,200 g,,799,1269,37%,,,4.8,0,Vegetarian,https://cdn2.nutrabay.com/uploads/product/images/featured_image-NB-HLO-1141-PA-400x400.webp,https://cdn2.nutrabay.com/images/Logo.png,,https://nutrabay.com/product/himalayan-organics-vegan-collagen-2000mg
Collagen,Decode Age OptiAge Collagen Peptides,Decode Age,75 g,,2299,879,26%,,,4.9,0,Vegetarian,https://cdn2.nutrabay.com/uploads/product/images/featured_image-NB-DCA-1022-PA-1773912016-400x400.webp,https://cdn2.nutrabay.com/images/Logo.png,,https://nutrabay.com/product/decode-age-optiage-collagen-peptides
Collagen,Steadfast Nutrition Collastead Wellness Hydrolysed Marine Collagen Peptides,,250 g,,1836,879,26%,,,4.9,0,Vegetarian,https://cdn2.nutrabay.com/uploads/product/featured_image/product-4071-featured_image-Steadfast_Nutrition_Collastead_Wellness_Hydrolysed_Marine_Collagen_Peptides.jpg,https://cdn2.nutrabay.com/images/Logo.png,,https://nutrabay.com/product/steadfast-nutrition-collastead-wellness-hydrolysed-marine-collagen-peptides
Collagen,Inja Wellness Beauty Marine Collagen Supplement,,125 g,,1063,879,26%,,,4.9,0,Vegetarian,https://cdn2.nutrabay.com/uploads/product/featured_image/product-3867-featured_image-INJA_Wellness_Beauty_Marine_Collagen_Supplement.jpg,https://cdn2.nutrabay.com/images/Logo.png,,https://nutrabay.com/product/inja-wellness-beauty-marine-collagen-supplement
Collagen,Vlado’s Himalayan Organics Plant Based Collagen Builder Powder,,250 g,,729,1269,43%,,,4.8,0,Vegetarian,https://cdn2.nutrabay.com/uploads/product/images/featured_image-NB-HLO-1027-PA-400x400.webp,https://cdn2.nutrabay.com/images/Logo.png,,https://nutrabay.com/product/himalayan-organics-plant-based-collagen-builder-powder-skin-regeneration-anti-aging-beauty-repair-with-sea-buckthorn-acai-berry-20-wholefood
Ashwagandha,Rasayanam Ashwagandha KSM66 500mg,,20 g,,690,329,39%,,,4.9,0,Vegetarian,https://cdn2.nutrabay.com/uploads/product/featured_image/product-4219-featured_image-Rasayanam_Ashwagandha_KSM66_500mg.jpg,https://cdn2.nutrabay.com/images/Logo.png,,https://nutrabay.com/product/rasayanam-ashwagandha-ksm66-500mg
Ashwagandha,Kapiva Ashwagandha Gold,,20 g,,429,329,39%,,,4.5,0,Vegetarian,https://cdn2.nutrabay.com/uploads/product/featured_image/product-4391-featured_image-Kapiva_Ashwagandha_Gold.jpg,https://cdn2.nutrabay.com/images/Logo.png,,https://nutrabay.com/product/kapiva-ashwagandha-gold
Ashwagandha,Neuherbs Ashwagandha 1000mg With B Vitamins,Neuherbs,20 g,,299,329,9%,,,4.7,0,Vegetarian,https://cdn2.nutrabay.com/uploads/product/featured_image/product-637-featured_image-Neuherbs_Ashwagandha_1000_Plus_[Manage_Anxiety__Stress_Relief].jpg,https://cdn2.nutrabay.com/images/Logo.png,,https://nutrabay.com/product/neuherbs-ashwagandha-1000-plus-enhanced-absorption-antioxidants-rich-with-vitamin-e-b-complex
Ashwagandha,Vlado's Himalayan Organics Organic Ashwagandha Powder,,100 g,,229,329,30%,,,4.7,0,Vegetarian,https://cdn2.nutrabay.com/products/1-1755847244.jpg,https://cdn2.nutrabay.com/images/Logo.png,,https://nutrabay.com/product/vlados-himalayan-organics-100-organic-ashwagandha-powder
Ashwagandha,Vlado's Himalayan Organics Aswapure- 99™ Ashwagandha 25% Withanolides 600mg,,20 g,,898,329,39%,,,4.7,0,Vegetarian,https://cdn2.nutrabay.com/page_manager/1-1757919184.jpg,https://cdn2.nutrabay.com/images/Logo.png,,https://nutrabay.com/product/vlados-himalayan-organics-aswapure-99-ashwagandha-25-withanolides-600mg
Ashwagandha,Steadfast Nutrition Ashwagandha Wellness KSM 66 Ashwagandha Extract,,20 g,,561,329,39%,,,4.7,0,Vegetarian,https://cdn2.nutrabay.com/uploads/product/featured_image/product-4383-featured_image-Steadfast_Nutrition_Ashwagandha_Wellness_KSM_66_Ashwagandha_Extract.jpeg,https://cdn2.nutrabay.com/images/Logo.png,,https://nutrabay.com/product/steadfast-nutrition-ashwagandha-wellness-ksm-66-ashwagandha-extract
Ashwagandha,Miduty Triple Thyroid Care,,20 g,,1400,329,39%,,,4.7,0,Vegetarian,https://cdn2.nutrabay.com/uploads/product/images/featured_image-NB-MDY-1010-PA-1767102319-400x400.webp,https://cdn2.nutrabay.com/images/Logo.png,,https://nutrabay.com/product/miduty-triple-thyroid-care
Ashwagandha,GreenOpia Ashwagandha KSM-66,,20 g,,649,329,39%,,,5.0,0,Vegetarian,https://cdn2.nutrabay.com/uploads/product/images/featured_image-NB-GOP-1001-PA-1760599220-400x400.webp,https://cdn2.nutrabay.com/images/Logo.png,,https://nutrabay.com/product/greenopia-ashwagandha-ksm-66
Ashwagandha,Vlado's Himalayan Organics Aswa-Himala 95™ Ashwagandha 10% Withanolides 600mg,,20 g,,797,329,39%,,,4.7,0,Vegetarian,https://cdn2.nutrabay.com/page_manager/1-1757919104.jpg,https://cdn2.nutrabay.com/images/Logo.png,,https://nutrabay.com/product/vlados-himalayan-organics-aswa-himala-95-ashwagandha-10-withanolides-600mg
Pre & Probiotics,HealthAid Acidophilus Plus (4 Billion),,200 g,,1599,839,34%,,,4.8,0,Vegetarian,https://cdn2.nutrabay.com/uploads/product/images/featured_image-NB-HEA-1001-PA1-400x400.webp,https://cdn2.nutrabay.com/images/Logo.png,,https://nutrabay.com/product/healthaid-acidophilus-plus-4-billion
Pre & Probiotics,Vlado’s Himalayan Organics Probiotics Supplement 50 billion CFU with Prebiotics,,200 g,,698,839,17%,,,4.8,0,Vegetarian,https://cdn2.nutrabay.com/uploads/product/featured_image/product-1118-featured_image-Vlado’s_Himalayan_Organics_Probiotics_Supplement_50_billion_CFU_with_Prebiotics.jpg,https://cdn2.nutrabay.com/images/Logo.png,,https://nutrabay.com/product/himalayan-organics-probiotics-supplement-50-billion-cfu-with-prebiotics-150mg-digestion-gut-health-immunity
Pre & Probiotics,Velbiom Happy Cultures Bye Bye UTI,,200 g,,649,839,23%,,,4.8,0,Vegetarian,https://cdn2.nutrabay.com/uploads/product/images/featured_image-NB-VEL-1018-PA-1762414215-400x400.webp,https://cdn2.nutrabay.com/images/Logo.png,,https://nutrabay.com/product/velbiom-happy-cultures-bye-bye-uti
Pre & Probiotics,Vlado's Himalayan Organics Vaginal Probiotics,,200 g,,1328,839,34%,,,4.8,0,Vegetarian,https://cdn2.nutrabay.com/uploads/product/images/featured_image-NB-HLO-1194-PA-1765285514-400x400.webp,https://cdn2.nutrabay.com/images/Logo.png,,https://nutrabay.com/product/vlados-himalayan-organics-vaginal-probiotics
Pre & Probiotics,Vlado's Himalayan Organics Probiotics 60 Billion CFU+ 170mg Prebiotics 24+ Probiotic Strains for women,,200 g,,726,309,42%,,,4.7,0,Vegetarian,https://cdn2.nutrabay.com/products/1-1754292114.jpg,https://cdn2.nutrabay.com/images/Logo.png,,https://nutrabay.com/product/vlados-himalayan-organics-probiotics-60-billion-cfu-170mg-prebiotics-24-probiotic-strains-for-women
Pre & Probiotics,HealthyHey Nutrition Probiotics 50 Billion CFU Multi- Strains,,200 g,,1016,839,34%,,,4.8,0,Vegetarian,https://cdn2.nutrabay.com/uploads/product/featured_image/product-388-featured_image-Healthyhey_Nutrition_Probiotics_50_Billion_CFU_Multi__Strains.jpg,https://cdn2.nutrabay.com/images/Logo.png,,https://nutrabay.com/product/healthyhey-nutrition-probiotics-50-billion-cfu-multi-strains
Protein Oats,Pintola High Protein Oats,Pintola,1 kg,,549,699,21%,,,4.6,0,Vegetarian,https://cdn2.nutrabay.com/uploads/product/images/featured_image-NB-PNT-1015-PA-1776237317-400x400.webp,https://cdn2.nutrabay.com/images/Logo.png,,https://nutrabay.com/product/pintola-high-protein-oats
Protein Oats,Doctor's Choice High Protein Oats,Doctor's Choice,750 g,,599,699,14%,,,4.5,0,Vegetarian,https://cdn2.nutrabay.com/uploads/product/featured_image/product-4024-featured_image-Doctor's_Choice_High_Protein_Oats.jpg,https://cdn2.nutrabay.com/images/Logo.png,,https://nutrabay.com/product/doctors-choice-high-protein-oats
Protein Oats,MuscleBlaze High Protein Oats,MuscleBlaze,1 kg,,549,699,21%,,,4.5,0,Vegetarian,https://cdn2.nutrabay.com/uploads/product/featured_image/product-3910-featured_image-MuscleBlaze_High_Protein_Oats.jpg,https://cdn2.nutrabay.com/images/Logo.png,,https://nutrabay.com/product/muscleblaze-high-protein-oats
Peanut Butter,Pintola All Natural Unsweetened Peanut Butter,Pintola,350 g,,153,339,55%,,,4.3,0,Vegetarian,https://cdn2.nutrabay.com/uploads/product/images/featured_image-NB-PNT-1000-PA-1776237319-400x400.webp,https://cdn2.nutrabay.com/images/Logo.png,,https://nutrabay.com/product/pintola-all-natural-unsweetened-peanut-butter
Peanut Butter,Myfitness Peanut Butter Chocolate Crunchy,Myfitness,1.25 kg,,549,339,7%,,,4.4,0,Vegetarian,https://cdn2.nutrabay.com/uploads/product/featured_image/product-1397-featured_image-Myfitness_Peanut_Butter_Chocolate_Crunchy.jpg,https://cdn2.nutrabay.com/images/Logo.png,,https://nutrabay.com/product/myfitness-chocolate-peanut-butter-crunchy
Peanut Butter,Pintola High Protein Peanut Butter Dark Chocolate,Pintola,1 kg,,607,339,7%,,,4.6,0,Vegetarian,https://cdn2.nutrabay.com/uploads/product/featured_image/product-4011-featured_image-Pintola_High_Protein_Peanut_Butter_Chocolate_Flavour.jpg,https://cdn2.nutrabay.com/images/Logo.png,,https://nutrabay.com/product/pintola-high-protein-peanut-butter-chocolate-flavour
Peanut Butter,Pintola Peanut Butter Dark Chocolate,Pintola,350 g,,168,339,50%,,,4.2,0,Vegetarian,https://cdn2.nutrabay.com/uploads/product/featured_image/product-4010-featured_image-Pintola_Peanut_Butter_Chocolate_Flavour.jpg,https://cdn2.nutrabay.com/images/Logo.png,,https://nutrabay.com/product/pintola-peanut-butter-chocolate-flavour
Peanut Butter,Myfitness Peanut Butter Chocolate Smooth,Myfitness,1.25 kg,,599,339,7%,,,4.7,0,Vegetarian,https://cdn2.nutrabay.com/uploads/product/featured_image/product-2283-featured_image-Myfitness_Peanut_Butter_Chocolate_Smooth.jpg,https://cdn2.nutrabay.com/images/Logo.png,,https://nutrabay.com/product/myfitness-original-peanut-butter-chocolate
Peanut Butter,Pure Farms Dark Chocolate Peanut Butter,,925 g,,599,339,7%,,,4.8,0,Vegetarian,https://cdn2.nutrabay.com/uploads/product/featured_image/product-4215-featured_image-Pure_Farms_Dark_Chocolate_Peanut_Butter.jpg,https://cdn2.nutrabay.com/images/Logo.png,,https://nutrabay.com/product/pure-farms-chocolate-peanut-butter
Peanut Butter,Myfitness Peanut Butter Chocolate Crispy,Myfitness,1.2 kg,,549,209,7%,,,4.7,0,Vegetarian,https://cdn.nutrabay.com/wp-content/uploads/2021/02/NB-MYF-1009-02-01-340x340.jpg,https://cdn2.nutrabay.com/images/Logo.png,,https://nutrabay.com/product/myfitness-chocolate-peanut-butter-crispy
Peanut Butter,Pintola High Protein Organic Jaggery Peanut Butter,Pintola,1 kg,,591,339,7%,,,4.3,0,Vegetarian,https://cdn2.nutrabay.com/uploads/product/featured_image/product-4012-featured_image-Pintola_High_Protein_Organic_Jaggery_Peanut_Butter.jpg,https://cdn2.nutrabay.com/images/Logo.png,,https://nutrabay.com/product/pintola-high-protein-organic-jaggery-peanut-butter
Peanut Butter,Pure Farms Jaggery Peanut Butter,,925 g,,575,209,7%,,,4.8,0,Vegetarian,https://cdn2.nutrabay.com/uploads/product/featured_image/product-4216-featured_image-Pure_Farms_Jaggery_Peanut_Butter.jpg,https://cdn2.nutrabay.com/images/Logo.png,,https://nutrabay.com/product/pure-farms-jaggery-peanut-butter
Peanut Butter,Pure Farms All Natural Peanut Butter,,925 g,,575,339,7%,,,5.0,0,Vegetarian,https://cdn2.nutrabay.com/uploads/product/featured_image/product-4217-featured_image-Pure_Farms_All_Natural_Peanut_Butter.jpg,https://cdn2.nutrabay.com/images/Logo.png,,https://nutrabay.com/product/pure-farms-all-natural-peanut-butter
Peanut Butter,Steadfast Nutrition Peanut Butter,,500 g,,270,339,20%,,,4.8,0,Vegetarian,https://cdn2.nutrabay.com/uploads/product/images/featured_image-NB-SDF-1023-PA-1756981515-400x400.webp,https://cdn2.nutrabay.com/images/Logo.png,,https://nutrabay.com/product/steadfast-nutrition-peanut-butter
Peanut Butter,RiteBite Max Protein Peanut Butter - Choco Creamy Spread,,1 kg,,375,339,7%,,,4.4,0,Vegetarian,https://cdn2.nutrabay.com/uploads/product/featured_image/product-968-featured_image-RiteBite_Max_Protein_Peanut_Butter__Choco_Creamy_Spread.jpg,https://cdn2.nutrabay.com/images/Logo.png,,https://nutrabay.com/product/ritebite-max-protein-peanut-spread-choco-creamy
Apple Cider Vinegar,Steadfast Nutrition Stead Apple Cider Vinegar,,750 ml,,288,449,36%,,,4.8,0,Vegetarian,https://cdn2.nutrabay.com/uploads/product/images/featured_image-NB-SDF-1030-PA-1768826414-400x400.webp,https://cdn2.nutrabay.com/images/Logo.png,,https://nutrabay.com/product/steadfast-nutrition-stead-apple-cider-vinegar
Apple Cider Vinegar,Dr. Morepen Apple Cider Vinegar Gummies,,750 ml,,479,449,44%,,,4.8,0,Vegetarian,https://cdn2.nutrabay.com/uploads/product/images/featured_image-NB-DRP-1052-PA-1772687115-400x400.webp,https://cdn2.nutrabay.com/images/Logo.png,,https://nutrabay.com/product/dr-morepen-apple-cider-vinegar-gummies
Apple Cider Vinegar,Dr. Morepen Apple Cider Vinegar With 2x Mother,,500 ml,,302,449,33%,,,4.8,0,Vegetarian,https://cdn2.nutrabay.com/uploads/product/images/featured_image-NB-DRP-1001-PA-1762161012-400x400.webp,https://cdn2.nutrabay.com/images/Logo.png,,https://nutrabay.com/product/dr-morepen-apple-cider-vinegar-with-2x-mother
Apple Cider Vinegar,Fast&Up Apple Cider Vinegar with Mother | Added Vit. B6&B12 - Effervescent Tablets,Fast&Up,750 ml,,260,449,42%,"• Tasty yet effective Apple cider Vinegar with no taste of cider and the goodness of “Mother” with a fast- acting effervescent formula that helps in weight management • Contains added Vit. B6 and B12 which help in fat mobilization and metabolism • With the power of Pomegranate and Beetroot extract packed with antioxidants that help maintain a healthy gut • Available in a delicious Green Apple flavor, it has no added sugar, is gluten-free and completely safe for Teeth enamel • How To Use: Drop 1 tablet in 250ml of water, wait till it dissolves and drink. You can consume it any time of the day. ",,5.0,0,Vegetarian,https://cdn.nutrabay.com/wp-content/uploads/2022/04/NB-FUP-1042-01-01-340x340.jpg,https://cdn2.nutrabay.com/images/Logo.png,,https://nutrabay.com/product/fastup-apple-cider-vinegar-with-mother-20-effervescent-tablets
Protein Bars,SuperYou Assorted Protein Wafer Variety Pack,,750 g,,249,699,64%,,,4.4,0,Vegetarian,https://cdn2.nutrabay.com/uploads/product/featured_image/product-4196-featured_image-SuperYou_Assorted_Protein_Wafer_Variety_Pack.jpg,https://cdn2.nutrabay.com/images/Logo.png,,https://nutrabay.com/product/superyou-assorted-protein-wafer-variety-pack
Protein Bars,SuperYou Assorted Protein Wafer Mini Bars Variety Box,,750 g,,269,699,62%,,,4.6,0,Vegetarian,https://cdn2.nutrabay.com/page_manager/1-1760376255.jpg,https://cdn2.nutrabay.com/images/Logo.png,,https://nutrabay.com/product/superyou-assorted-protein-wafer-mini-bars-variety-box
Protein Bars,SuperYou Nutty Chocolate 20g Mega Protein Wafer,,20g,,599,699,14%,,,5.0,0,Vegetarian,https://cdn2.nutrabay.com/uploads/product/images/featured_image-NB-SYU-1018-PA-1769772314-400x400.webp,https://cdn2.nutrabay.com/images/Logo.png,,https://nutrabay.com/product/superyou-nutty-chocolate-mega-protein-wafer
Protein Bars,SuperYou Chocolate Protein Wafer,,750 g,,425,699,39%,,,5.0,0,Vegetarian,https://cdn2.nutrabay.com/uploads/product/images/featured_image-NB-SYU-1003-PA-400x400.webp,https://cdn2.nutrabay.com/images/Logo.png,,https://nutrabay.com/product/superyou-chocolate-protein-wafer
Protein Bars,RiteBite Max Protein Daily Choco Almond Bar,,750 g,,1728,699,7%,,,5.0,0,Vegetarian,https://cdn2.nutrabay.com/uploads/product/featured_image/product-986-featured_image-RiteBite_Max_Protein_Daily_Choco_Almond_Bar.jpg,https://cdn2.nutrabay.com/images/Logo.png,,https://nutrabay.com/product/ritebite-max-protein-daily-choco-almond-bar
Protein Bars,SuperYou Strawberry Creme Protein Wafer,,750 g,,425,699,39%,,,4.7,0,Vegetarian,https://cdn2.nutrabay.com/uploads/product/images/featured_image-NB-SYU-1000-PA-400x400.webp,https://cdn2.nutrabay.com/images/Logo.png,,https://nutrabay.com/product/superyou-strawberry-creme-protein-wafer
Protein Bars,RiteBite Max Protein Bar Daily Assorted,,750 g,,392,699,44%,,,4.0,0,Vegetarian,https://cdn2.nutrabay.com/uploads/product/featured_image/product-3775-featured_image-RiteBite_Max_Protein_Bar_Daily_Assorted.jpg,https://cdn2.nutrabay.com/images/Logo.png,,https://nutrabay.com/product/ritebite-max-protein-bar-daily-assorted
Protein Bars,SuperYou Cookies & Cream Protein Wafer,,750 g,,475,699,32%,,,4.7,0,Vegetarian,https://cdn2.nutrabay.com/uploads/product/images/featured_image-NB-SYU-1015-PA-1763018420-400x400.webp,https://cdn2.nutrabay.com/images/Logo.png,,https://nutrabay.com/product/superyou-cookies-cream-protein-wafer
Protein Bars,SuperYou Choco Hazelnut Protein Wafer Mini Bars,,750 g,,269,699,62%,,,4.7,0,Vegetarian,https://cdn2.nutrabay.com/page_manager/1-1760375821.jpg,https://cdn2.nutrabay.com/images/Logo.png,,https://nutrabay.com/product/superyou-choco-hazelnut-protein-wafer-mini-bars
Protein Bars,SuperYou Coffee Protein Wafer,,750 g,,425,699,39%,,,5.0,0,Vegetarian,https://cdn2.nutrabay.com/uploads/product/featured_image/product-4320-featured_image-SuperYou_Coffee_Protein_Wafer.jpg,https://cdn2.nutrabay.com/images/Logo.png,,https://nutrabay.com/product/superyou-coffee-protein-wafer
Protein Bars,RiteBite Max Protein Ultimate Choco Almond,,750 g,,864,699,7%,,,4.0,0,Vegetarian,https://cdn2.nutrabay.com/uploads/product/featured_image/product-994-featured_image-RiteBite_Max_Protein_Ultimate_Choco_Almond.jpg,https://cdn2.nutrabay.com/images/Logo.png,,https://nutrabay.com/product/ritebite-max-protein-ultimate-choco-almond
Protein Bars,RiteBite Max Protein Millet Wafer Protein Bar,,750 g,,362,699,48%,,,5.0,0,Vegetarian,https://cdn2.nutrabay.com/products/NB-RIT-1031-02-01-1759748590.jpg,https://cdn2.nutrabay.com/images/Logo.png,,https://nutrabay.com/product/ritebite-max-protein-millet-wafer-protein-bar
Protein Bars,SuperYou Cookies & Cream Protein Wafer Mini Bars,,750 g,,269,699,62%,,,4.7,0,Vegetarian,https://cdn2.nutrabay.com/page_manager/1-1760375936.jpg,https://cdn2.nutrabay.com/images/Logo.png,,https://nutrabay.com/product/superyou-cookies-cream-protein-wafer-mini-bars
Protein Bars,SuperYou Choco Peanut Butter Protein Wafer,,750 g,,425,699,39%,,,4.7,0,Vegetarian,https://cdn2.nutrabay.com/uploads/product/images/featured_image-NB-SYU-1001-PA-400x400.webp,https://cdn2.nutrabay.com/images/Logo.png,,https://nutrabay.com/product/superyou-choco-peanut-butter-protein-wafer
Protein Bars,RiteBite Max Protein Daily Choco Classic Bar,,750 g,,1766,699,7%,,,5.0,0,Vegetarian,https://cdn2.nutrabay.com/uploads/product/featured_image/product-984-featured_image-RiteBite_Max_Protein_Daily_Choco_Classic_Bar.jpg,https://cdn2.nutrabay.com/images/Logo.png,,https://nutrabay.com/product/ritebite-max-protein-daily-choco-classic-bar
Protein Bars,SuperYou Cheese Protein Wafer,,750 g,,425,699,39%,,,4.7,0,Vegetarian,https://cdn2.nutrabay.com/uploads/product/images/featured_image-NB-SYU-1002-PA-400x400.webp,https://cdn2.nutrabay.com/images/Logo.png,,https://nutrabay.com/product/superyou-cheese-protein-wafer-bars
Protein Bars,RiteBite Max Protein Ultimate Choco Berry,,750 g,,864,699,7%,,,5.0,0,Vegetarian,https://cdn2.nutrabay.com/uploads/product/featured_image/product-995-featured_image-RiteBite_Max_Protein_Ultimate_Choco_Berry.jpg,https://cdn2.nutrabay.com/images/Logo.png,,https://nutrabay.com/product/ritebite-max-protein-ultimate-choco-berry
Protein Bars,SuperYou Mango Protein Wafer Mini Bars,,750 g,,269,699,62%,,,4.7,0,Vegetarian,https://cdn2.nutrabay.com/page_manager/1-1760376117.jpg,https://cdn2.nutrabay.com/images/Logo.png,,https://nutrabay.com/product/superyou-mango-protein-wafer-mini-bars
Protein Bars,RiteBite Max Protein Daily Choco Berry Bars,,750 g,,1766,699,7%,,,5.0,0,Vegetarian,https://cdn2.nutrabay.com/uploads/product/featured_image/product-985-featured_image-RiteBite_Max_Protein_Daily_Choco_Berry_Bars.jpg,https://cdn2.nutrabay.com/images/Logo.png,,https://nutrabay.com/product/ritebite-max-protein-daily-choco-berry-bar
Protein Bars,RiteBite Max Protein Choco Fudge Active Bars,,750 g,,1512,699,7%,,,5.0,0,Vegetarian,https://cdn2.nutrabay.com/uploads/product/featured_image/product-992-featured_image-RiteBite_Max_Protein_Choco_Fudge_Active_Bars.jpg,https://cdn2.nutrabay.com/images/Logo.png,,https://nutrabay.com/product/ritebite-max-protein-choco-fudge-active-bars
Protein Bars,CaliBar 10g Protein Bar,,10g,,352,699,50%,,,4.7,0,Vegetarian,https://cdn2.nutrabay.com/uploads/product/images/featured_image-NB-CAL-1000-PA-400x400.webp,https://cdn2.nutrabay.com/images/Logo.png,,https://nutrabay.com/product/calibar-gofit-nutrition-barprotein-bar-berry-almond-crisp-pack
Protein Bars,SuperYou Choco Orange Protein Wafer,,750 g,,425,699,39%,,,4.7,0,Vegetarian,https://cdn2.nutrabay.com/uploads/product/images/featured_image-NB-SYU-1016-PA-1763018420-400x400.webp,https://cdn2.nutrabay.com/images/Logo.png,,https://nutrabay.com/product/superyou-choco-orange-protein-wafer
Protein Bars,RiteBite Max Protein Daily Date & Almond 10g Protein Bar,,10g,,451,699,35%,,,5.0,0,Vegetarian,https://cdn2.nutrabay.com/uploads/product/images/featured_image-NB-RIT-1023-PA-400x400.webp,https://cdn2.nutrabay.com/images/Logo.png,,https://nutrabay.com/product/ritebite-max-protein-daily-date-almond-10g-protein-bar
Protein Bars,RiteBite Nutrition Nuts & Seeds Bar,,750 g,,442,699,37%,,,4.7,0,Vegetarian,https://cdn2.nutrabay.com/uploads/product/featured_image/product-979-featured_image-RiteBite_Nutrition_Nuts__Seeds_Bar.jpg,https://cdn2.nutrabay.com/images/Logo.png,,https://nutrabay.com/product/ritebite-nutrition-nuts-seeds-bar
Protein Bars,CaliBar 20g Protein Bar Variety Pack,,20g,,575,699,18%,,,5.0,0,Vegetarian,https://cdn2.nutrabay.com/uploads/product/images/featured_image-NB-CAL-1001-PA-400x400.webp,https://cdn2.nutrabay.com/images/Logo.png,,https://nutrabay.com/product/calibar-protein-bar-almond-choco-crisp-pack
Protein Bars,RiteBite Max Protein Active Date & Almond 20g Protein Bar,,20g,,1354,699,7%,,,5.0,0,Vegetarian,https://cdn2.nutrabay.com/uploads/product/images/featured_image-NB-RIT-1025-PA-400x400.webp,https://cdn2.nutrabay.com/images/Logo.png,,https://nutrabay.com/product/ritebite-max-protein-active-date-almond-20g-protein-bar
Protein Bars,CaliBar 20g Protein Bar Cookie Crunch Crispy,,20g,,653,699,7%,,,5.0,0,Vegetarian,https://cdn2.nutrabay.com/uploads/product/images/featured_image-NB-CAL-1005-PA-400x400.webp,https://cdn2.nutrabay.com/images/Logo.png,,https://nutrabay.com/product/calibar-20g-protein-bar-cookie-crunch-crispy-bar
Weight Loss,MuscleTech Hydroxycut Hardcore Super Elite,MuscleTech,1 kg,,1299,599,33%,,,4.2,0,Vegetarian,https://cdn.nutrabay.com/wp-content/uploads/2023/03/NB-MUT-1058-01-01-340x340.jpg,https://cdn2.nutrabay.com/images/Logo.png,,https://nutrabay.com/product/muscletech-hydroxycut-hardcore-super-elite
Weight Loss,Pole Nutrition Ripper Fat Burner,Pole Nutrition,250 g,,1849,599,33%,,,4.5,0,Vegetarian,https://cdn.nutrabay.com/wp-content/uploads/2022/01/NB-POL-1010-02-01-340x340.jpg,https://cdn2.nutrabay.com/images/Logo.png,,https://nutrabay.com/product/pole-nutrition-ripper-fat-burner
Weight Loss,Pole Nutrition CLA,Pole Nutrition,1 kg,,849,599,33%,,,4.8,0,Vegetarian,https://cdn2.nutrabay.com/uploads/product/featured_image/product-893-featured_image-Pole_Nutrition_CLA.jpg,https://cdn2.nutrabay.com/images/Logo.png,,https://nutrabay.com/product/pole-nutrition-cla
Weight Loss,GAT CLA 1250,,1 kg,,1569,599,33%,,,4.6,0,Vegetarian,https://cdn.nutrabay.com/wp-content/uploads/2019/11/NB-GAT-1020-01-01-340x340.jpg,https://cdn2.nutrabay.com/images/Logo.png,,https://nutrabay.com/product/gat-cla-1250
Weight Loss,One Science Nutrition Skull Fire,,1 kg,,1199,599,33%,,,5.0,0,Vegetarian,https://cdn2.nutrabay.com/uploads/product/images/featured_image-NB-OSC-1028-PA-1777011920-400x400.webp,https://cdn2.nutrabay.com/images/Logo.png,,https://nutrabay.com/product/one-science-nutrition-skull-fire-top-level-fat-burner
Weight Loss,Dr. Morepen Fat Burner,,1 kg,,555,599,7%,,,4.3,0,Vegetarian,https://cdn2.nutrabay.com/uploads/product/images/featured_image-NB-DRP-1012-PA-1762164023-400x400.webp,https://cdn2.nutrabay.com/images/Logo.png,,https://nutrabay.com/product/dr-morepen-fat-burner-tablets-with-green-coffee-garcinia-cambogia-cla-green-tea-caralluma
Weight Loss,Velbiom Happy Cultures Leaner You,,1 kg,,524,599,13%,,,4.6,0,Vegetarian,https://cdn2.nutrabay.com/uploads/product/images/featured_image-NB-VEL-1016-PA-1757861415-400x400.webp,https://cdn2.nutrabay.com/images/Logo.png,,https://nutrabay.com/product/velbiom-happy-cultures-leaner-you
Weight Loss,Steadfast Nutrition Leanfast Metabolism Booster,,1 kg,,961,599,33%,,,4.6,0,Vegetarian,https://cdn2.nutrabay.com/uploads/product/images/featured_image-NB-SDF-1019-PA-1756981218-400x400.webp,https://cdn2.nutrabay.com/images/Logo.png,,https://nutrabay.com/product/steadfast-nutrition-leanfast-metabolism-booter
Bone & Joints,Naturaltein Ultimate Omega 3,Naturaltein,20 g,,649,349,20%,,,4.7,0,Vegetarian,https://cdn2.nutrabay.com/uploads/product/featured_image/product-3981-featured_image-Naturaltein_Ultimate_Omega_3.jpg,https://cdn2.nutrabay.com/images/Logo.png,,https://nutrabay.com/product/naturaltein-ultimate-omega-3
Bone & Joints,"Vlado's Himalayan Organics Calcium Magnesium Zinc D3, B12 & K2",,20 g,,348,309,42%,,,4.6,0,Vegetarian,https://cdn2.nutrabay.com/uploads/product/featured_image/product-1180-featured_image-Vlado’s_Himalayan_Organics_Calcium_Magnesium_Zinc_D3_B12__K2.jpg,https://cdn2.nutrabay.com/images/Logo.png,,https://nutrabay.com/product/himalayan-organics-calcium-magnesium-zinc-vitamin-d3-b12
Bone & Joints,Rasayanam Plant Based Omega 3 1600mg,,20 g,,1099,349,20%,,,4.8,0,Vegetarian,https://cdn2.nutrabay.com/uploads/product/images/featured_image-NB-RAS-1006-PA-1757870717-400x400.webp,https://cdn2.nutrabay.com/images/Logo.png,,https://nutrabay.com/product/rasayanam-plant-based-omega-3-1600mg
Bone & Joints,HealthAid Balanced Omega 3.6.9,,20 g,,1149,349,20%,,,4.5,0,Vegetarian,https://cdn2.nutrabay.com/uploads/product/images/featured_image-NB-HEA-1011-PA1-400x400.webp,https://cdn2.nutrabay.com/images/Logo.png,,https://nutrabay.com/product/healthaid-balanced-omega-3-6-9
Bone & Joints,Dr. Morepen Omega 3 6 7 9 Vegetarian Capsules 500mg,,20 g,,402,349,20%,,,5.0,0,Vegetarian,https://cdn2.nutrabay.com/uploads/product/images/featured_image-NB-DRP-1005-PA-1762161018-400x400.webp,https://cdn2.nutrabay.com/images/Logo.png,,https://nutrabay.com/product/dr-morepen-omega-3-6-7-9-vegetarian-capsules-500mg
Bone & Joints,Vlado's Himalayan Organics Vegan Omega 3 with 3 6 9,,20 g,,497,349,20%,,,5.0,0,Vegetarian,https://cdn2.nutrabay.com/uploads/product/featured_image/product-1138-featured_image-Vlado’s_Himalayan_Organics_Vegan_Omega_3_with_3_6_9.jpg,https://cdn2.nutrabay.com/images/Logo.png,,https://nutrabay.com/product/himalayan-organics-omega-3-6-9-vegan-natural-nutrition-supplement-muscle-bone-heart-skin
Bone & Joints,Neuherbs True Calcium Supplement 1000mg With Vitamin D3 & Magnesium,Neuherbs,200 g,,299,539,45%,,,5.0,0,Vegetarian,https://cdn.nutrabay.com/wp-content/uploads/2023/04/NB-NEH-1018-01-01-340x340.jpg,https://cdn2.nutrabay.com/images/Logo.png,,https://nutrabay.com/product/neuherbs-true-calcium-supplement-with-plant-based-vitamin-d3-natural-magnesium
Bone & Joints,GNC Triflex Fast Acting Tab,GNC,200 g,,2359,539,44%,,,5.0,0,Vegetarian,https://cdn.nutrabay.com/wp-content/uploads/2018/03/NB-GNC-1010-01-01-340x340.jpg,https://cdn2.nutrabay.com/images/Logo.png,,https://nutrabay.com/product/gnc-triflex-fast-acting-tab
Bone & Joints,Pure Nutrition veg Omega-3 1600mg,,20 g,,899,349,20%,,,4.8,0,Vegetarian,https://cdn2.nutrabay.com/uploads/product/images/featured_image-NB-PRN-1058-PA-1775041224-400x400.webp,https://cdn2.nutrabay.com/images/Logo.png,,https://nutrabay.com/product/pure-nutrition-veg-omega-3-1600mg
Bone & Joints,Dr. Morepen Calcium+ Advanced Tablets,,20 g,,262,309,15%,,,5.0,0,Vegetarian,https://cdn2.nutrabay.com/uploads/product/featured_image/product-3758-featured_image-Dr_Morepen_Calcium_Advanced_Tablets.jpg,https://cdn2.nutrabay.com/images/Logo.png,,https://nutrabay.com/product/dr-morepen-calcium-advanced-tablets
Bone & Joints,Vlado's Himalayan Organics Glucosamine HCL Chondroitin & MSM 4000mg,,200 g,,897,539,44%,,,4.7,0,Vegetarian,https://cdn2.nutrabay.com/uploads/product/images/featured_image-NB-HLO-1028-PA-1777101317-400x400.webp,https://cdn2.nutrabay.com/images/Logo.png,,https://nutrabay.com/product/himalayan-organics-glucosamine-hcl-chondroitin-msm-with-boswellia-for-bone-joint-cartilage-support
Bone & Joints,GreenOpia Flaxseed Oil,,20 g,,299,349,14%,,,4.8,0,Vegetarian,https://cdn2.nutrabay.com/uploads/product/images/featured_image-NB-GOP-1006-PA-1760599515-400x400.webp,https://cdn2.nutrabay.com/images/Logo.png,,https://nutrabay.com/product/greenopia-flaxseed-oil
Bone & Joints,Pole Nutrition Joint Support,Pole Nutrition,200 g,,1299,539,44%,,,4.0,0,Vegetarian,https://cdn.nutrabay.com/wp-content/uploads/2022/01/NB-POL-1023-01-01-340x340.jpg,https://cdn2.nutrabay.com/images/Logo.png,,https://nutrabay.com/product/pole-nutrition-joint-support
Bone & Joints,Vlado’s Himalayan Organics Alfalfa Calcium Citrate Malate 1200mg,,200 g,,727,539,44%,,,4.7,0,Vegetarian,https://cdn2.nutrabay.com/uploads/product/featured_image/product-1142-featured_image-Vlado’s_Himalayan_Organics_Alfalfa_Calcium_Citrate_Malate_1200mg.jpg,https://cdn2.nutrabay.com/images/Logo.png,,https://nutrabay.com/product/himalayan-organics-alfalfa-calcium-citrate-malate-1200mg-with-vitamin-d-k2-mk7-b12-zinc-magnesium
Bone & Joints,"Swisse Ultiboost Joint Repair Supplement w/ Glucosamine, Chondroitin & Manganese - Joint Mobility and Function",,200 g,,2039,539,44%,,,4.7,0,Vegetarian,https://cdn.nutrabay.com/wp-content/uploads/2020/10/NB-SWI-1013-01-01-340x340.jpg,https://cdn2.nutrabay.com/images/Logo.png,,https://nutrabay.com/product/swisse-ultiboost-joint-repair-supplement-with-glucosamine-chondroitin-manganese-for-joint-mobility-and-function
Bone & Joints,HealthAid Glucosamine Sulphate 1500mg,,200 g,,849,539,44%,,,5.0,0,Vegetarian,https://cdn2.nutrabay.com/uploads/product/images/featured_image-NB-HEA-1058-PA1-400x400.webp,https://cdn2.nutrabay.com/images/Logo.png,,https://nutrabay.com/product/healthaid-glucosamine-sulphate-2kci-1500mg
Bone & Joints,Gytree Calcium + Vitamin D for Women,,200 g,,599,539,44%,,,4.7,0,Vegetarian,https://cdn2.nutrabay.com/uploads/product/images/featured_image-NB-GYT-1001-PA-1760017826-400x400.webp,https://cdn2.nutrabay.com/images/Logo.png,,https://nutrabay.com/product/gytree-calcium-vitamin-d-for-women
Bone & Joints,Dr. Morepen Bone Support Gummies With Calcium + Vitamin D,,200 g,,539,539,44%,,,4.7,0,Vegetarian,https://cdn2.nutrabay.com/uploads/product/images/featured_image-NB-DRP-1049-PA-400x400.webp,https://cdn2.nutrabay.com/images/Logo.png,,https://nutrabay.com/product/dr-morepen-bone-support-gummies-with-calcium-vitamin-d
Bone & Joints,HealthAid Osteoflex (Glucosamine Chondroitin) (Prolonged Release),,200 g,,899,539,44%,,,4.7,0,Vegetarian,https://cdn.nutrabay.com/wp-content/uploads/2021/03/NB-HEA-1092-02-1-340x340.jpg,https://cdn2.nutrabay.com/images/Logo.png,,https://nutrabay.com/product/healthaid-osteoflex-glucosamine-chondroitin-prolonged-release
Skin & Hair,Miduty Liposomal Glutathione 85%,,250 g,,2054,879,85%,,,4.9,0,Vegetarian,https://cdn2.nutrabay.com/uploads/product/images/featured_image-NB-MDY-1002-PA-1767101716-400x400.webp,https://cdn2.nutrabay.com/images/Logo.png,,https://nutrabay.com/product/miduty-liposomal-glutathione-85
Skin & Hair,Vlado's Himalayan Organics L-Glutathione,,250 g,,498,879,43%,,,4.9,0,Vegetarian,https://cdn2.nutrabay.com/uploads/product/images/featured_image-NB-HLO-1166-PA-1754282118-400x400.webp,https://cdn2.nutrabay.com/images/Logo.png,,https://nutrabay.com/product/vlados-himalayan-organics-l-glutathione
Skin & Hair,Vlado’s Himalayan Organics Biotin 10000mcg for Hair Growth,,250 g,,689,879,22%,,,4.9,0,Vegetarian,https://cdn2.nutrabay.com/uploads/product/images/featured_image-NB-HLO-1010-PA-400x400.webp,https://cdn2.nutrabay.com/images/Logo.png,,https://nutrabay.com/product/himalayan-organics-biotin-10000mcg-for-hair-growth
Skin & Hair,"Vlado’s Himalayan Organics Glutathione Builder | Anti-Ageing & Skin Brightening with (Vitamin C, E, B6 & Curcumin)",,250 g,,697,879,21%,,,4.9,0,Vegetarian,https://cdn2.nutrabay.com/uploads/product/featured_image/product-841-featured_image-Vlado’s_Himalayan_Organics_Glutathione_Builder_|_AntiAgeing__Skin_Brightening_with_Vitamin_C_E_B6__Curcumin.jpg,https://cdn2.nutrabay.com/images/Logo.png,,https://nutrabay.com/product/himalayan-organics-glutathione-builder-anti-ageing-skin-brightening-with-vitamin-c-e-b6-curcumin
Skin & Hair,Neuherbs Hair Biotin DHT Blocker Hair Supplement,Neuherbs,200 g,,589,1269,54%,,,4.8,0,Vegetarian,https://cdn2.nutrabay.com/uploads/product/images/featured_image-NB-NEH-1032-PA-1767680114-400x400.webp,https://cdn2.nutrabay.com/images/Logo.png,,https://nutrabay.com/product/neuherbs-hair-biotin-dht-blocker-hair-supplement
Skin & Hair,Miduty Liposomal Glutathione,,250 g,,1493,879,26%,,,4.9,0,Vegetarian,https://cdn2.nutrabay.com/uploads/product/images/featured_image-NB-MDY-1001-PA-1767101716-400x400.webp,https://cdn2.nutrabay.com/images/Logo.png,,https://nutrabay.com/product/miduty-liposomal-glutathione
Skin & Hair,Vlado's Himalayan Organics L-Glutathione Reduced+,,200 g,,929,1269,27%,,,4.8,0,Vegetarian,https://cdn2.nutrabay.com/uploads/product/featured_image/product-4236-featured_image-Vlado's_Himalayan_Organics_LGlutathione_Reduced.jpg,https://cdn2.nutrabay.com/images/Logo.png,,https://nutrabay.com/product/vlados-himalayan-organics-l-glutathione-reduced
Skin & Hair,Dr. Morepen Biotin+ Advanced,,250 g,,506,879,42%,,,4.9,0,Vegetarian,https://cdn2.nutrabay.com/uploads/product/images/featured_image-NB-DRP-1008-PA-1762161021-400x400.webp,https://cdn2.nutrabay.com/images/Logo.png,,https://nutrabay.com/product/dr-morepen-biotin-multivitamins-natural-extracts
Skin & Hair,HealthAid Biotin 10000mcg,,250 g,,991,879,26%,,,5.0,0,Vegetarian,https://cdn2.nutrabay.com/uploads/product/featured_image/product-2123-featured_image-HealthAid_Biotin_10000mcg.jpg,https://cdn2.nutrabay.com/images/Logo.png,,https://nutrabay.com/product/healthaid-biotin-10000mcg
Skin & Hair,Miduty Pigment Clear+,,200 g,,2428,1269,48%,,,4.8,0,Vegetarian,https://cdn2.nutrabay.com/uploads/product/images/featured_image-NB-MDY-1009-PA-1767102318-400x400.webp,https://cdn2.nutrabay.com/images/Logo.png,,https://nutrabay.com/product/miduty-pigment-clear
Skin & Hair,Vlado's Himalayan Organics Liposomal Glutathione+ 650 mg+,,200 g,,949,1269,25%,,,4.8,0,Vegetarian,https://cdn2.nutrabay.com/uploads/product/images/featured_image-NB-HLO-1197-PA-1765285517-400x400.webp,https://cdn2.nutrabay.com/images/Logo.png,,https://nutrabay.com/product/vlados-himalayan-organics-liposomal-glutathione-650-mg
Skin & Hair,Wellman Hairfollic Hair Supplements For Men,,200 g,,599,539,44%,,,4.7,0,Vegetarian,https://cdn.nutrabay.com/wp-content/uploads/2023/11/NB-WLM-1002-01-01-340x340.jpg,https://cdn2.nutrabay.com/images/Logo.png,,https://nutrabay.com/product/wellman-hairfollic-hair-supplements-for-men
Skin & Hair,HealthyHey Nutrition Reduced Glutathione with Milk Thistle 450mg,,200 g,,1049,1269,17%,,,4.8,0,Vegetarian,https://cdn.nutrabay.com/wp-content/uploads/2022/10/NB-HHH-1074-01-01-340x340.jpg,https://cdn2.nutrabay.com/images/Logo.png,,https://nutrabay.com/product/healthyhey-reduced-glutathione-with-milk-thistle-450mg
Skin & Hair,BPI Sports L-Glutathione Reduced+,BPI Sports,250 g,,849,879,3%,,,4.9,0,Vegetarian,https://cdn2.nutrabay.com/uploads/product/images/featured_image-NB-BPI-1032-PA-1760378114-400x400.webp,https://cdn2.nutrabay.com/images/Logo.png,,https://nutrabay.com/product/bpi-sports-l-glutathione-reduced
Skin & Hair,Gytree Biotin For Women,,200 g,,599,1269,53%,,,4.8,0,Vegetarian,https://cdn2.nutrabay.com/uploads/product/images/featured_image-NB-GYT-1000-PA-1760017825-400x400.webp,https://cdn2.nutrabay.com/images/Logo.png,,https://nutrabay.com/product/gytree-biotin-for-women
Skin & Hair,Inja Wellness Glow Liposomal Glutathione (15 Effervescent tablets),,200 g,,699,1269,45%,,,4.8,0,Vegetarian,https://cdn2.nutrabay.com/uploads/product/featured_image/product-3967-featured_image-Inja_Wellness_Glow_Liposomal_Glutathione_15_Effervescent_tablets.jpg,https://cdn2.nutrabay.com/images/Logo.png,,https://nutrabay.com/product/inja-wellness-glow-liposomal-glutathione
Skin & Hair,Wellwoman Hairfollic Supplements For Women,,200 g,,583,539,44%,,,4.0,0,Vegetarian,https://cdn.nutrabay.com/wp-content/uploads/2023/11/NB-WWM-1003-01-01-340x340.jpg,https://cdn2.nutrabay.com/images/Logo.png,,https://nutrabay.com/product/wellwoman-hairfollic-supplements-for-women
Skin & Hair,"Perfectil Tablets For Healthy Skin, Hair, And Nails Gluten Free",,200 g,,499,539,7%,,,5.0,0,Vegetarian,https://cdn.nutrabay.com/wp-content/uploads/2023/11/NB-PFL-1000-01-01-340x340.jpg,https://cdn2.nutrabay.com/images/Logo.png,,https://nutrabay.com/product/perfectil-tablets-for-healthy-skin-hair-and-nails-gluten-free
Skin & Hair,Chicnutrix Glow - Glutathione and Vitamin C - Skin Radiance & Glow,,250 g,,1099,879,26%,,,4.3,0,Vegetarian,https://cdn2.nutrabay.com/uploads/product/featured_image/product-1628-featured_image-Chicnutrix_Glow__Glutathione_and_Vitamin_C__Skin_Radiance__Glow.jpg,https://cdn2.nutrabay.com/images/Logo.png,,https://nutrabay.com/product/chicnutrix-glow-glutathione-and-vitamin-c-skin-radiance-glow
Digestion,Vlado’s Himalayan Organics Digestive Enzyme for Healthy Digestion,,200 g,,956,709,43%,,,4.5,0,Vegetarian,https://cdn2.nutrabay.com/uploads/product/featured_image/product-1133-featured_image-Vlado’s_Himalayan_Organics_Digestive_Enzyme_for_Healthy_Digestion.jpg,https://cdn2.nutrabay.com/images/Logo.png,,https://nutrabay.com/product/himalayan-organics-digestive-enzyme-for-healthy-digestion
Digestion,TruNativ Everyday Fiber,,200 g,,329,709,54%,,,5.0,0,Vegetarian,https://cdn2.nutrabay.com/uploads/product/images/featured_image-NB-TNV-1004-PA-1753788916-400x400.webp,https://cdn2.nutrabay.com/images/Logo.png,,https://nutrabay.com/product/trunativ-everyday-fiber
Digestion,HealthyHey Nutrition Digestive Enzyme - 75mg,,200 g,,999,709,43%,,,4.9,0,Vegetarian,https://cdn.nutrabay.com/wp-content/uploads/2022/10/NB-HHH-1004-01-1-340x340.jpg,https://cdn2.nutrabay.com/images/Logo.png,,https://nutrabay.com/product/healthyhey-nutrition-digestive-enzyme-75mg
Digestion,Wellbeing Nutrition Acidity Relief Melts,,200 g,,494,709,30%,,,4.9,0,Vegetarian,https://cdn2.nutrabay.com/uploads/product/images/featured_image-NB-WEL-1057-PA-400x400.webp,https://cdn2.nutrabay.com/images/Logo.png,,https://nutrabay.com/product/wellbeing-nutrition-acidity-relief-melts
Digestion,HealthyHey Nutrition Pineapple Bromelain 500mg,,200 g,,786,709,43%,,,4.9,0,Vegetarian,https://cdn2.nutrabay.com/uploads/product/featured_image/product-4138-featured_image-HealthyHey_Nutrition_Pineapple_Bromelain_500mg.jpg,https://cdn2.nutrabay.com/images/Logo.png,,https://nutrabay.com/product/healthyhey-nutrition-pineapple-bromelain-500mg
Digestion,Steadfast Nutrition TriFibre Wellness Soluble Fiber,,200 g,,756,709,43%,,,4.9,0,Vegetarian,https://cdn2.nutrabay.com/uploads/product/images/featured_image-NB-SDF-1009-PA-400x400.webp,https://cdn2.nutrabay.com/images/Logo.png,,https://nutrabay.com/product/steadfast-nutrition-trifibre-wellness-soluble-fiber
Liver & Kidney,Rasayanam Liver Detox,,200 g,,649,539,44%,,,5.0,0,Vegetarian,https://cdn2.nutrabay.com/uploads/product/images/featured_image-NB-RAS-1010-PA-1756981821-400x400.webp,https://cdn2.nutrabay.com/images/Logo.png,,https://nutrabay.com/product/rasayanam-liver-detox
Liver & Kidney,Auric Liver Detox,,200 g,,445,539,17%,,,4.7,0,Vegetarian,https://cdn2.nutrabay.com/uploads/product/featured_image/product-4388-featured_image-Auric_Liver_Detox.jpg,https://cdn2.nutrabay.com/images/Logo.png,,https://nutrabay.com/product/auric-liver-detox
Liver & Kidney,"Dr. Morepen Milk Thistle+ for Liver Detox, Protection & Enhancement",,200 g,,444,539,18%,,,4.7,0,Vegetarian,https://cdn2.nutrabay.com/uploads/product/images/featured_image-NB-DRP-1010-PA-1762164021-400x400.webp,https://cdn2.nutrabay.com/images/Logo.png,,https://nutrabay.com/product/dr-morepen-milk-thistle-for-liver-detox-protection-enhancement
Liver & Kidney,Vlado's Himalayan Organics Milk Thistle Extract 800mg+ Multivitamin,,20 g,,894,329,39%,,,5.0,0,Vegetarian,https://cdn2.nutrabay.com/uploads/product/images/featured_image-NB-HLO-1005-PA-1778495714-400x400.webp,https://cdn2.nutrabay.com/images/Logo.png,,https://nutrabay.com/product/himalayan-organics-milk-thistle-extract-silymarin-800mg
Liver & Kidney,Pole Nutrition Liver Cleanser,Pole Nutrition,200 g,,999,539,44%,,,5.0,0,Vegetarian,https://cdn.nutrabay.com/wp-content/uploads/2022/01/NB-POL-1016-01-01-340x340.jpg,https://cdn2.nutrabay.com/images/Logo.png,,https://nutrabay.com/product/pole-nutrition-liver-cleanser
Liver & Kidney,GNC Milk Thistle HP Cap,GNC,20 g,,764,499,20%,,,4.8,0,Vegetarian,https://cdn.nutrabay.com/wp-content/uploads/2018/03/NB-GNC-1017-01-01-340x340.jpg,https://cdn2.nutrabay.com/images/Logo.png,,https://nutrabay.com/product/gnc-milk-thistle-hp-cap
Liver & Kidney,HealthAid Livercare (Prolonged Release),,200 g,,1169,539,44%,,,5.0,0,Vegetarian,https://cdn2.nutrabay.com/uploads/product/featured_image/product-3015-featured_image-HealthAid_Livercare_Prolonged_Release.jpg,https://cdn2.nutrabay.com/images/Logo.png,,https://nutrabay.com/product/healthaid-livercare-prolonged-release
Liver & Kidney,Miduty Liver Detox,,20 g,,1400,499,20%,,,4.8,0,Vegetarian,https://cdn2.nutrabay.com/uploads/product/images/featured_image-NB-MDY-1004-PA-1767101718-400x400.webp,https://cdn2.nutrabay.com/images/Logo.png,,https://nutrabay.com/product/miduty-liver-detox
Liver & Kidney,BPI Sports Liver Detox,BPI Sports,200 g,,1067,539,44%,,,4.7,0,Vegetarian,https://cdn2.nutrabay.com/uploads/product/images/featured_image-NB-BPI-1030-PA-1754991615-400x400.webp,https://cdn2.nutrabay.com/images/Logo.png,,https://nutrabay.com/product/bpi-sports-liver-detox
Liver & Kidney,Fast&Up Liver Detox (20 Effervescent tablets),Fast&Up,200 g,,418,539,22%,,,4.7,0,Vegetarian,https://cdn.nutrabay.com/wp-content/uploads/2023/03/NB-FUP-1058-01-01-340x340.jpg,https://cdn2.nutrabay.com/images/Logo.png,,https://nutrabay.com/product/fastup-liver-detox-20-effervescent-tablets
Liver & Kidney,HealthyHey Nutrition Milk Thistle 25:1 - 600mg Extract,,20 g,,849,499,20%,,,4.8,0,Vegetarian,https://cdn2.nutrabay.com/uploads/product/featured_image/product-393-featured_image-HealthyHey_Nutrition_Milk_Thistle_25:1___600mg_Extract.jpg,https://cdn2.nutrabay.com/images/Logo.png,,https://nutrabay.com/product/healthyhey-nutrition-milk-thistle-251-600mg-extract
Liver & Kidney,Vlado's Himalayan Organics Liposomal Liver Detox Milk Thistle+ 950mg+,,20 g,,729,499,20%,,,5.0,0,Vegetarian,https://cdn2.nutrabay.com/uploads/product/images/featured_image-NB-HLO-1017-PA-1771593318-400x400.webp,https://cdn2.nutrabay.com/images/Logo.png,,https://nutrabay.com/product/himalayan-organics-plant-based-liver-support-with-milk-thistle
Liver & Kidney,Steadfast Nutrition Milk Thistle,,20 g,,576,499,20%,,,4.8,0,Vegetarian,https://cdn2.nutrabay.com/uploads/product/images/featured_image-NB-SDF-1021-PA-1756981220-400x400.webp,https://cdn2.nutrabay.com/images/Logo.png,,https://nutrabay.com/product/steadfast-nutrition-milk-thistle
Vitality,HealthyHey Nutrition N-Acetyl L-Cysteine (NAC) 500mg,,200 g,,1101,539,44%,,,4.7,0,Vegetarian,https://cdn.nutrabay.com/wp-content/uploads/2022/10/NB-HHH-1032-01-1-340x340.jpg,https://cdn2.nutrabay.com/images/Logo.png,,https://nutrabay.com/product/healthyhey-nutrition-n-acetyl-l-cysteine-nac-500mg
Vitality,Decode Age SeneVit™ Supplement,Decode Age,200 g,,1774,539,44%,,,4.7,0,Vegetarian,https://cdn2.nutrabay.com/uploads/product/images/featured_image-NB-DCA-1008-PA-1773906018-400x400.webp,https://cdn2.nutrabay.com/images/Logo.png,,https://nutrabay.com/product/decode-age-senevit-senolytic-activator
Vitality,Vlado’s Himalayan Organics Plant Based DHT Blocker | Nettle Extract,,200 g,,396,539,27%,,,4.7,0,Vegetarian,https://cdn2.nutrabay.com/uploads/product/images/featured_image-NB-HLO-1082-PA-400x400.webp,https://cdn2.nutrabay.com/images/Logo.png,,https://nutrabay.com/product/himalayan-organics-plant-based-dht-blocker-nettle-extract
Sleep,Optimum Nutrition (ON) Zinc Magnesium Aspartate (ZMA),Optimum Nutrition,200 g,,629,539,44%,,,4.4,0,Vegetarian,https://cdn2.nutrabay.com/uploads/product/featured_image/product-4087-featured_image-Optimum_Nutrition_ON_Zinc_Magnesium_Aspartate_ZMA.jpg,https://cdn2.nutrabay.com/images/Logo.png,,https://nutrabay.com/product/optimum-nutrition-on-zinc-magnesium-aspartate-zma
Sleep,GNC Pro Performance ZMA,GNC,200 g,,566,539,44%,,,5.0,0,Vegetarian,https://cdn.nutrabay.com/wp-content/uploads/2022/07/NB-GNC-1038-PA-01-340x340.jpg,https://cdn2.nutrabay.com/images/Logo.png,,https://nutrabay.com/product/gnc-pro-performance-zma
Sleep,"Vlado’s Himalayan Organics ZMA (Zinc, Magnesium Aspartate) - Nighttime Sports Recovery Supplement",,200 g,,596,539,44%,,,4.5,0,Vegetarian,https://cdn2.nutrabay.com/uploads/product/featured_image/product-1132-featured_image-Vlado’s_Himalayan_Organics_ZMA_Zinc_Magnesium_Aspartate__Nighttime_Sports_Recovery_Supplement.jpg,https://cdn2.nutrabay.com/images/Logo.png,,https://nutrabay.com/product/himalayan-organics-zma-zinc-magnesium-aspartate-nighttime-sports-recovery-supplement
Sleep,Vlado’s Himalayan Organics Melatonin 10mg - Healthy Sleep Cycle,,200 g,,474,539,12%,,,4.0,0,Vegetarian,https://cdn2.nutrabay.com/uploads/product/featured_image/product-1167-featured_image-Vlado’s_Himalayan_Organics_Melatonin_10mg__Healthy_Sleep_Cycle.jpg,https://cdn2.nutrabay.com/images/Logo.png,,https://nutrabay.com/product/himalayan-organics-melatonin-10mg-healthy-sleep-cycle
Sleep,GreenOpia Melatonin + Tagar,,200 g,,449,539,17%,,,4.0,0,Vegetarian,https://cdn2.nutrabay.com/uploads/product/images/featured_image-NB-GOP-1009-PA-1760599517-400x400.webp,https://cdn2.nutrabay.com/images/Logo.png,,https://nutrabay.com/product/greenopia-melatonin-tagar
Sleep,Fast&Up Melatonin (20 Effervescent Tablets),Fast&Up,200 g,,310,539,42%,,,5.0,0,Vegetarian,https://cdn.nutrabay.com/wp-content/uploads/2021/12/NB-FUP-1038-01-02-340x340.jpg,https://cdn2.nutrabay.com/images/Logo.png,,https://nutrabay.com/product/fastup-melatonin-20-effervescent-tablets
Sleep,Gytree Sound Sleep for Women,,200 g,,599,539,44%,,,4.7,0,Vegetarian,https://cdn2.nutrabay.com/uploads/product/images/featured_image-NB-GYT-1007-PA-1760018116-400x400.webp,https://cdn2.nutrabay.com/images/Logo.png,,https://nutrabay.com/product/gytree-sound-sleep-for-women
Sleep,Steadfast Nutrition Melatonin,,200 g,,374,539,31%,,,4.7,0,Vegetarian,https://cdn2.nutrabay.com/uploads/product/images/featured_image-NB-SDF-1020-PA-1756981219-400x400.webp,https://cdn2.nutrabay.com/images/Logo.png,,https://nutrabay.com/product/steadfast-nutrition-melatonin
Sleep,Vlado's Himalayan Organics L-Glycine 500mg,,200 g,,611,539,44%,,,4.7,0,Vegetarian,https://cdn2.nutrabay.com/page_manager/1-2025-05-09T17:25:18.jpg,https://cdn2.nutrabay.com/images/Logo.png,,https://nutrabay.com/product/vlados-himalayan-organics-l-glycine-500mg
Sleep,Dr. Morepen Memory Booster,,200 g,,406,539,25%,,,4.7,0,Vegetarian,https://cdn.nutrabay.com/wp-content/uploads/2023/02/NB-DRP-1011-01-01-340x340.jpg,https://cdn2.nutrabay.com/images/Logo.png,,https://nutrabay.com/product/dr-morepen-memory-focus-mood-tablets-with-gaba-ashwagandha-chamomile
Sleep,Vlado’s Himalayan Organics Melatonin 10mg + Tagar 250mg - Potent Sleep Aid Formula,,200 g,,695,539,44%,,,4.7,0,Vegetarian,https://cdn2.nutrabay.com/uploads/product/featured_image/product-1146-featured_image-Vlado’s_Himalayan_Organics_Melatonin_10mg__Tagar_250mg__Potent_Sleep_Aid_Formula.jpg,https://cdn2.nutrabay.com/images/Logo.png,,https://nutrabay.com/product/himalayan-organics-melatonin-10mg-tagar-250mg-potent-sleep-aid-formula
Sleep,HealthAid Melatonin 3mg,,200 g,,749,539,44%,,,4.7,0,Vegetarian,https://cdn2.nutrabay.com/uploads/product/featured_image/product-2919-featured_image-HealthAid_Melatonin_3mg.jpg,https://cdn2.nutrabay.com/images/Logo.png,,https://nutrabay.com/product/healthaid-melatonin-3mg
